name,email,country,region,phone,address,occupation,score,registration_number,married
Lenore Battle,cras.pellentesque@aptent.ca,Brazil,Paraíba,(99) 0000-3334,"Sydney Olson,nulla.integer@tinciduntduiaugue.ca,Brazil,Santa Catarina,(89) 0000-7356,424-3084 Per St.,Auxiliar de Enfermagem,9,1,Sim",Gerente de Enfermagem,10,1,Nao
Igor Meyers,non.lobortis@donec.edu,Brazil,Rio de Janeiro,(75) 0000-4823,812-5620 Neque Ave,Fisioterapeuta Geral,1,7,Nao
Mannix Kaufman,rhoncus.proin@tinciduntaliquam.net,Brazil,Goiás,(69) 0000-3859,2283 Sit Road,Tecnico Em Radiologia,6,10,Sim
Scott Potts,erat.sed@facilisisvitae.net,Brazil,Pernambuco,(72) 0000-2186,"Sydney Olson,nulla.integer@tinciduntduiaugue.ca,Brazil,Santa Catarina,(89) 0000-7356,424-3084 Per St.,Auxiliar de Enfermagem,9,1,Sim",Enfermeiro Chefe,4,5,Nao
Cadman Noble,sed.neque@aultricies.com,Brazil,Paraná,(64) 0000-6989,Ap #659-6508 In Avenue,Tecnico Em Radiologia,6,4,Sim
Sydney Olson,nulla.integer@tinciduntduiaugue.ca,Brazil,Santa Catarina,(89) 0000-7356,424-3084 Per St.,Auxiliar de Enfermagem,9,1,Sim
Lunea Wilkerson,amet.diam@necmaurisblandit.net,Brazil,Bahia,(21) 0000-1279,"Sydney Olson,nulla.integer@tinciduntduiaugue.ca,Brazil,Santa Catarina,(89) 0000-7356,424-3084 Per St.,Auxiliar de Enfermagem,9,1,Sim",Enfermeiro Obstreta,8,2,Sim
Deanna Castillo,vivamus@amet.net,Brazil,Pará,(59) 0000-6327,"Sydney Olson,nulla.integer@tinciduntduiaugue.ca,Brazil,Santa Catarina,(89) 0000-7356,424-3084 Per St.,Auxiliar de Enfermagem,9,1,Sim",Enfermeiro UTI,9,3,Nao
Peter Gould,consectetuer.adipiscing.elit@nibhaliquam.ca,Brazil,Minas Gerais,(75) 0000-7480,780-6327 Id Av.,Enfermeiro UTI,7,8,Nao
Dawn Peterson,phasellus.ornare@feugiat.ca,Brazil,São Paulo,(38) 0000-0942,Ap #879-2062 Augue Street,Cirurgiao,2,3,Sim
Harrison Stevens,augue.eu@sit.co.uk,Brazil,Rio de Janeiro,(76) 0000-5352,540-7648 Imperdiet Avenue,Tecnico Em Radiologia,5,2,Sim
Zoe Vargas,vulputate.dui.nec@sitamet.edu,Brazil,Rio Grande do Sul,(64) 0000-8914,Ap #146-8760 Molestie Avenue,Nefrologista,1,1,Nao
Norman Ward,vel@vitaeorciphasellus.net,Brazil,Paraná,(61) 0000-3927,203-5598 Euismod Av.,Tecnico Enfermagem,5,2,Sim
Kaye Carr,et.commodo.at@crasinterdum.co.uk,Brazil,Paraná,(44) 0000-7135,Ap #315-1807 Id Road,Enfermeiro Obstreta,7,4,Sim
Cheyenne Britt,est@nibhlacinia.co.uk,Brazil,Paraíba,(64) 0000-4369,Ap #469-9330 A Avenue,Tecnico Enfermagem,8,4,Nao
Hanae Duffy,penatibus.et.magnis@maecenasmalesuadafringilla.org,Brazil,Paraná,(36) 0000-7712,"Sydney Olson,nulla.integer@tinciduntduiaugue.ca,Brazil,Santa Catarina,(89) 0000-7356,424-3084 Per St.,Auxiliar de Enfermagem,9,1,Sim",Medico,10,1,Sim
Todd Hancock,aliquam.nisl@nunc.ca,Brazil,Paraíba,(43) 0000-5831,"Sydney Olson,nulla.integer@tinciduntduiaugue.ca,Brazil,Santa Catarina,(89) 0000-7356,424-3084 Per St.,Auxiliar de Enfermagem,9,1,Sim",Farmaceutico,7,5,Nao
Kareem Potter,risus.at.fringilla@duis.com,Brazil,São Paulo,(67) 0000-9767,"Sydney Olson,nulla.integer@tinciduntduiaugue.ca,Brazil,Santa Catarina,(89) 0000-7356,424-3084 Per St.,Auxiliar de Enfermagem,9,1,Sim",Enfermeiro UTI,1,10,Nao
Jason Benjamin,vitae.aliquet.nec@lacusvestibulumlorem.net,Brazil,Pernambuco,(41) 0000-6468,Ap #581-3879 Pede. St.,Enfermeiro Plantonista,7,8,Nao
Fiona Bean,suspendisse@quisurna.net,Brazil,Rio de Janeiro,(41) 0000-4159,967-2872 Lorem Road,Enfermeiro UTI,5,4,Nao
Acton Bates,eleifend.egestas@idnunc.ca,Brazil,Minas Gerais,(07) 0000-6419,Ap #499-2813 Nec Av.,Fisioterapeuta Geral,9,5,Nao
Lionel Vazquez,risus.a@necurna.co.uk,Brazil,Minas Gerais,(64) 0000-6636,5790 Sit St.,Tecnico Em Radiologia,1,9,Sim
Karyn Holden,tincidunt.aliquam@necante.com,Brazil,Santa Catarina,(07) 0000-0255,494-5857 Risus Street,Tecnico Enfermagem,10,4,Sim
Nell Gordon,etiam.vestibulum.massa@scelerisque.net,Brazil,Goiás,(34) 0000-0237,"Sydney Olson,nulla.integer@tinciduntduiaugue.ca,Brazil,Santa Catarina,(89) 0000-7356,424-3084 Per St.,Auxiliar de Enfermagem,9,1,Sim",Cirurgiao,9,10,Sim
Stacy Lancaster,eu@nullamscelerisque.ca,Brazil,Pará,(52) 0000-4924,934-1530 Adipiscing Rd.,Gerente de Enfermagem,9,9,Sim
Wyatt Bryan,proin.sed.turpis@vestibulumante.org,Brazil,Santa Catarina,(96) 0000-6655,9412 Volutpat St.,Cirurgiao,3,4,Sim
Quynn Ward,consectetuer.ipsum@vitae.com,Brazil,Bahia,(71) 0000-7538,"Sydney Olson,nulla.integer@tinciduntduiaugue.ca,Brazil,Santa Catarina,(89) 0000-7356,424-3084 Per St.,Auxiliar de Enfermagem,9,1,Sim",Nefrologista,10,4,Sim
Austin Chavez,purus.ac@metuseuerat.co.uk,Brazil,Minas Gerais,(04) 0000-2181,Ap #659-6340 Egestas Avenue,Tecnico Enfermagem,9,3,Sim
Cherokee Morin,integer.vulputate@acmattis.net,Brazil,Pará,(42) 0000-8739,Ap #622-9990 Feugiat. Ave,Tecnico Em Radiologia,7,6,Sim
Jordan Bell,feugiat.placerat@vitaesemper.edu,Brazil,Pará,(00) 0000-2114,449-4912 Leo. Av.,Enfermeiro Plantonista,8,1,Sim
Abbot Witt,ac@faucibuslectus.net,Brazil,Goiás,(84) 0000-4871,"Sydney Olson,nulla.integer@tinciduntduiaugue.ca,Brazil,Santa Catarina,(89) 0000-7356,424-3084 Per St.,Auxiliar de Enfermagem,9,1,Sim",Auxiliar de Enfermagem,7,9,Sim
Frances Hampton,euismod@infelisnulla.org,Brazil,Santa Catarina,(85) 0000-2341,376-1429 Magna Rd.,Auxiliar de Enfermagem,7,6,Sim
Tiger Knox,dapibus.id@necmauris.org,Brazil,Pará,(19) 0000-1127,531-8138 Nulla Road,Enfermeiro Obstreta,7,2,Nao
Petra Malone,non.lorem.vitae@vivamus.org,Brazil,Paraná,(07) 0000-9473,"Sydney Olson,nulla.integer@tinciduntduiaugue.ca,Brazil,Santa Catarina,(89) 0000-7356,424-3084 Per St.,Auxiliar de Enfermagem,9,1,Sim",Cirurgiao,10,10,Nao
Tashya Woodard,tristique.senectus@magna.co.uk,Brazil,Ceará,(13) 0000-9352,2702 Lectus Street,Enfermeiro Plantonista,4,3,Sim
Ocean Cunningham,id.mollis@nullam.org,Brazil,Pernambuco,(13) 0000-1331,"Sydney Olson,nulla.integer@tinciduntduiaugue.ca,Brazil,Santa Catarina,(89) 0000-7356,424-3084 Per St.,Auxiliar de Enfermagem,9,1,Sim",Enfermeiro Chefe,1,4,Nao
Cameron Cantrell,penatibus.et@lectusquis.org,Brazil,Maranhão,(55) 0000-0411,5233 Iaculis Avenue,Coordenador de Enfermagem,1,2,Sim
Constance Holcomb,auctor.quis@erategetipsum.ca,Brazil,Goiás,(52) 0000-0380,Ap #488-1191 Tincidunt Rd.,Tecnico Enfermagem,3,2,Nao
Yasir Franklin,enim.mi.tempor@nislarcu.org,Brazil,São Paulo,(31) 0000-2255,858-1042 Cras Rd.,Enfermeiro Obstreta,2,6,Nao
Patrick Barton,ut.nulla.cras@molestiearcused.co.uk,Brazil,Rio Grande do Sul,(53) 0000-5389,543-3204 Nullam Road,Auxiliar de Enfermagem,4,7,Sim
Rachel Shaw,dignissim.maecenas.ornare@luctusut.edu,Brazil,Bahia,(06) 0000-9501,9302 Hendrerit Avenue,Auxiliar de Enfermagem,8,10,Sim
Kennan Francis,elit.pede.malesuada@semperpretiumneque.net,Brazil,Pernambuco,(81) 0000-1321,9222 Purus Road,Tecnico Em Radiologia,4,2,Nao
Finn Mann,eros.non@gravidasit.edu,Brazil,Rio Grande do Sul,(22) 0000-4912,"Sydney Olson,nulla.integer@tinciduntduiaugue.ca,Brazil,Santa Catarina,(89) 0000-7356,424-3084 Per St.,Auxiliar de Enfermagem,9,1,Sim",Enfermeiro Obstreta,5,1,Nao
Walker King,lorem.vitae@magnaloremipsum.net,Brazil,Bahia,(18) 0000-2130,Ap #580-3979 Malesuada Rd.,Nefrologista,8,9,Nao
Cain Schroeder,aliquam.nec@necluctus.co.uk,Brazil,São Paulo,(16) 0000-3154,3541 Egestas Av.,Auxiliar de Enfermagem,3,2,Nao
Colleen Buckner,et.netus@anunc.co.uk,Brazil,Ceará,(71) 0000-0161,370-6352 Mauris. St.,Enfermeiro Plantonista,1,1,Nao
Barclay O'neill,ultrices.vivamus@aeneaneuismod.co.uk,Brazil,Rio Grande do Sul,(57) 0000-4508,Ap #531-7146 Cubilia Street,Enfermeiro Obstreta,2,1,Sim
Zenaida Chang,donec.consectetuer@luctusfelis.co.uk,Brazil,Santa Catarina,(37) 0000-1421,949-8539 Tincidunt St.,Gerente de Enfermagem,3,10,Nao
Eagan Patrick,risus.donec.nibh@quisqueimperdieterat.ca,Brazil,Minas Gerais,(63) 0000-9683,137-2299 Sit Rd.,Tecnico Em Radiologia,5,9,Sim
Tanya Pittman,pharetra.nibh@ornare.co.uk,Brazil,Goiás,(77) 0000-3807,9046 In St.,Tecnico Em Radiologia,8,9,Sim
Ila Walls,non.egestas@enimmauris.com,Brazil,Goiás,(86) 0000-1773,4600 Consectetuer Ave,Farmaceutico,6,7,Nao
Aidan Malone,eu.eros@ullamcorpernisl.ca,Brazil,Paraíba,(24) 0000-4167,"Drew Baldwin,lorem.lorem.luctus@nisimagnased.com,Brazil,Bahia,(24) 0000-1231,P.O. Box 477, 3186 Velit Rd.,Enfermeiro UTI,5,7,Nao",Auxiliar de Enfermagem,7,3,Sim
Tarik Mann,amet.massa@seddictum.ca,Brazil,Goiás,(25) 0000-4641,716-3339 Sit Avenue,Coordenador de Enfermagem,8,9,Sim
Knox Hicks,magna.malesuada@duiaugue.edu,Brazil,Rio Grande do Sul,(47) 0000-4435,"Drew Baldwin,lorem.lorem.luctus@nisimagnased.com,Brazil,Bahia,(24) 0000-1231,P.O. Box 477, 3186 Velit Rd.,Enfermeiro UTI,5,7,Nao",Tecnico Enfermagem,4,9,Sim
Allistair Bishop,elit.pede@semut.edu,Brazil,Paraná,(06) 0000-9555,Ap #115-6093 Amet Av.,Tecnico Em Radiologia,10,7,Nao
Drew Baldwin,lorem.lorem.luctus@nisimagnased.com,Brazil,Bahia,(24) 0000-1231,"Drew Baldwin,lorem.lorem.luctus@nisimagnased.com,Brazil,Bahia,(24) 0000-1231,P.O. Box 477, 3186 Velit Rd.,Enfermeiro UTI,5,7,Nao",Enfermeiro UTI,5,7,Nao
Ciaran Bartlett,mi.fringilla@ante.net,Brazil,Pernambuco,(58) 0000-6375,"Drew Baldwin,lorem.lorem.luctus@nisimagnased.com,Brazil,Bahia,(24) 0000-1231,P.O. Box 477, 3186 Velit Rd.,Enfermeiro UTI,5,7,Nao",Fisioterapeuta Geral,8,8,Sim
Kadeem Kelly,pretium.et@vivamusnon.ca,Brazil,Rio Grande do Sul,(47) 0000-5050,5815 Vitae Rd.,Enfermeiro UTI,1,6,Nao
Kathleen Andrews,at.lacus.quisque@lorem.edu,Brazil,Minas Gerais,(32) 0000-0038,675-4341 Purus St.,Auxiliar de Enfermagem,1,7,Nao
Jordan Smith,bibendum.fermentum.metus@antebibendumullamcorper.org,Brazil,São Paulo,(74) 0000-0616,Ap #259-7848 Mauris Av.,Enfermeiro Chefe,4,8,Sim
Ayanna Bonner,rutrum.lorem@urnanunc.net,Brazil,Goiás,(63) 0000-3876,"Drew Baldwin,lorem.lorem.luctus@nisimagnased.com,Brazil,Bahia,(24) 0000-1231,P.O. Box 477, 3186 Velit Rd.,Enfermeiro UTI,5,7,Nao",Fisioterapeuta Geral,1,10,Sim
Graiden Booth,accumsan.sed@duisa.com,Brazil,Santa Catarina,(39) 0000-6323,114-522 Sit Road,Tecnico Em Radiologia,3,7,Nao
Chaney Dillard,libero.est.congue@tincidunt.edu,Brazil,Maranhão,(24) 0000-4361,Ap #825-9688 Nisi Av.,Auxiliar de Enfermagem,3,1,Sim
Cora Russo,feugiat.lorem@etiam.co.uk,Brazil,Paraíba,(45) 0000-7618,Ap #821-4332 Semper Avenue,Enfermeiro Chefe,4,2,Sim
Lucian Snider,tempus.risus@elitelitfermentum.org,Brazil,Pernambuco,(66) 0000-8811,449 Magna. Rd.,Medico,1,1,Sim
Margaret Miles,in.cursus@nunc.co.uk,Brazil,Pernambuco,(50) 0000-4538,5091 Sodales Street,Tecnico Enfermagem,1,4,Nao
Jorden Melendez,enim.mi.tempor@arcuiaculisenim.edu,Brazil,Rio de Janeiro,(43) 0000-2824,"Drew Baldwin,lorem.lorem.luctus@nisimagnased.com,Brazil,Bahia,(24) 0000-1231,P.O. Box 477, 3186 Velit Rd.,Enfermeiro UTI,5,7,Nao",Cirurgiao,8,9,Sim
Jerome Mayo,risus.quis@a.ca,Brazil,Ceará,(48) 0000-1249,Ap #419-5127 Egestas. St.,Tecnico Em Radiologia,8,4,Nao
Constance Mclean,semper.egestas.urna@vitaepurusgravida.com,Brazil,Santa Catarina,(39) 0000-5655,Ap #582-1199 Nisi Street,Enfermeiro UTI,5,8,Sim
Keaton Suarez,lectus@leoin.net,Brazil,Paraná,(77) 0000-2937,987-3410 Tristique Ave,Cirurgiao,8,4,Nao
Karly Farley,sed@elitpretium.org,Brazil,Minas Gerais,(50) 0000-2938,"Drew Baldwin,lorem.lorem.luctus@nisimagnased.com,Brazil,Bahia,(24) 0000-1231,P.O. Box 477, 3186 Velit Rd.,Enfermeiro UTI,5,7,Nao",Enfermeiro Chefe,5,9,Sim
Mira Gonzalez,sed.sapien@dignissimmagna.edu,Brazil,Paraíba,(43) 0000-5257,Ap #567-1264 Commodo Av.,Enfermeiro Obstreta,8,10,Sim
Ashton Maxwell,quis.pede.suspendisse@arcused.com,Brazil,Rio de Janeiro,(91) 0000-2134,Ap #687-6247 Est Avenue,Fisioterapeuta Geral,6,2,Nao
Dahlia Stanley,elit.fermentum@malesuada.edu,Brazil,Rio Grande do Sul,(88) 0000-7854,4565 Netus Av.,Farmaceutico,9,10,Sim
Zenaida Frank,purus.in@vitae.edu,Brazil,Paraná,(67) 0000-7886,"Drew Baldwin,lorem.lorem.luctus@nisimagnased.com,Brazil,Bahia,(24) 0000-1231,P.O. Box 477, 3186 Velit Rd.,Enfermeiro UTI,5,7,Nao",Auxiliar de Enfermagem,2,2,Sim
Martena Mckee,urna.nec@iaculisquispede.com,Brazil,Paraíba,(56) 0000-3922,Ap #222-2353 Eget St.,Enfermeiro Obstreta,3,2,Nao
Herrod Duke,pharetra.felis@antedictumcursus.co.uk,Brazil,Santa Catarina,(58) 0000-6623,Ap #949-9686 Consequat Avenue,Enfermeiro Obstreta,6,4,Nao
Neville Mcgee,et.tristique@nullafacilisissuspendisse.edu,Brazil,Paraíba,(81) 0000-7038,943-8849 Sit Rd.,Medico,9,4,Nao
Madonna Hull,faucibus.orci@suspendissecommodo.ca,Brazil,Paraíba,(35) 0000-5145,"Drew Baldwin,lorem.lorem.luctus@nisimagnased.com,Brazil,Bahia,(24) 0000-1231,P.O. Box 477, 3186 Velit Rd.,Enfermeiro UTI,5,7,Nao",Cirurgiao,9,6,Sim
Ian Ferrell,eget.lacus@massaquisqueporttitor.com,Brazil,Santa Catarina,(66) 0000-4111,"Drew Baldwin,lorem.lorem.luctus@nisimagnased.com,Brazil,Bahia,(24) 0000-1231,P.O. Box 477, 3186 Velit Rd.,Enfermeiro UTI,5,7,Nao",Fisioterapeuta Geral,5,5,Nao
Josiah Donovan,dolor.quam.elementum@aliquam.net,Brazil,Pernambuco,(78) 0000-4497,Ap #247-3880 Suspendisse St.,Enfermeiro UTI,6,5,Sim
Jack Bartlett,suscipit.nonummy.fusce@pedenec.ca,Brazil,Maranhão,(70) 0000-7119,"Drew Baldwin,lorem.lorem.luctus@nisimagnased.com,Brazil,Bahia,(24) 0000-1231,P.O. Box 477, 3186 Velit Rd.,Enfermeiro UTI,5,7,Nao",Auxiliar de Enfermagem,9,6,Sim
Cassady Booker,lobortis.quis@utsagittis.com,Brazil,Paraná,(16) 0000-7267,7087 Porta Avenue,Farmaceutico,2,10,Sim
Solomon Hancock,mauris.id@liberolacus.co.uk,Brazil,Paraná,(81) 0000-8000,Ap #980-6659 Aliquet Av.,Enfermeiro UTI,7,7,Sim
Kyla Duke,eleifend.vitae@nectellusnunc.ca,Brazil,São Paulo,(39) 0000-1774,112 Lobortis Av.,Tecnico Enfermagem,1,5,Nao
Jameson Mclaughlin,sed.pede.cum@neque.org,Brazil,Bahia,(87) 0000-2363,Ap #988-1074 Curabitur Rd.,Nefrologista,1,7,Sim
Kelsie Kent,venenatis.vel.faucibus@neque.ca,Brazil,Paraíba,(29) 0000-8176,242 Sagittis Rd.,Nefrologista,2,10,Nao
Teagan Fernandez,lorem@nuncsed.org,Brazil,Santa Catarina,(09) 0000-1154,564-1578 Purus. Rd.,Tecnico Enfermagem,2,10,Nao
Fulton Chambers,nisi@porttitor.org,Brazil,Goiás,(75) 0000-4869,921-7093 Sed Avenue,Enfermeiro Obstreta,9,10,Sim
Ciara Burks,sit@nequesedsem.net,Brazil,Santa Catarina,(80) 0000-6414,962-4883 Etiam Street,Cirurgiao,1,7,Nao
Jeremy Shelton,libero@iaculislacuspede.ca,Brazil,Rio de Janeiro,(71) 0000-5843,Ap #442-797 Ultricies Ave,Coordenador de Enfermagem,8,9,Nao
Chantale Benton,vitae.nibh@leomorbi.org,Brazil,Rio de Janeiro,(86) 0000-6315,Ap #382-1750 Libero. Rd.,Enfermeiro Chefe,6,10,Sim
Kristen Shaw,orci@craseu.edu,Brazil,Pernambuco,(15) 0000-3581,390-6397 At St.,Medico,4,5,Sim
Kelly Horne,pellentesque.eget@liberoet.com,Brazil,Ceará,(34) 0000-1138,954-6537 Feugiat. Avenue,Enfermeiro Obstreta,2,5,Sim
Oleg Allison,cras@sitamet.net,Brazil,Rio de Janeiro,(54) 0000-6213,Ap #453-2870 Tellus St.,Cirurgiao,1,5,Sim
Christian Green,molestie.sodales@nisl.ca,Brazil,Goiás,(78) 0000-5618,"Drew Baldwin,lorem.lorem.luctus@nisimagnased.com,Brazil,Bahia,(24) 0000-1231,P.O. Box 477, 3186 Velit Rd.,Enfermeiro UTI,5,7,Nao",Tecnico Em Radiologia,2,10,Sim
Demetrius Guerra,faucibus.ut@pellentesque.edu,Brazil,Santa Catarina,(32) 0000-2261,"Drew Baldwin,lorem.lorem.luctus@nisimagnased.com,Brazil,Bahia,(24) 0000-1231,P.O. Box 477, 3186 Velit Rd.,Enfermeiro UTI,5,7,Nao",Medico,3,9,Nao
Felicia Martin,risus@imperdiet.com,Brazil,São Paulo,(81) 0000-8172,"Drew Baldwin,lorem.lorem.luctus@nisimagnased.com,Brazil,Bahia,(24) 0000-1231,P.O. Box 477, 3186 Velit Rd.,Enfermeiro UTI,5,7,Nao",Tecnico Enfermagem,5,3,Sim
Cherokee Dalton,ut.tincidunt.vehicula@ligula.edu,Brazil,Rio Grande do Sul,(14) 0000-3861,Ap #133-6682 Egestas. Rd.,Cirurgiao,7,4,Nao
William Mcgowan,quis.tristique.ac@egetodioaliquam.net,Brazil,Pernambuco,(74) 0000-7110,Ap #639-5636 Mollis Av.,Enfermeiro Obstreta,7,2,Sim
Dieter Rice,amet.nulla.donec@famesacturpis.co.uk,Brazil,Rio de Janeiro,(73) 0000-7396,Ap #683-1232 Et St.,Auxiliar de Enfermagem,1,6,Nao
Meredith May,donec.dignissim@faucibus.net,Brazil,Pará,(11) 0000-1759,884-6061 Sit Av.,Gerente de Enfermagem,4,2,Sim
Tarik Dudley,ridiculus@tempordiam.org,Brazil,Pará,(04) 0000-6106,Ap #808-4130 Felis St.,Nefrologista,7,10,Sim
Mufutau Calhoun,interdum.enim@feugiat.org,Brazil,Paraná,(03) 0000-7171,Ap #822-1683 Aenean Rd.,Tecnico Em Radiologia,8,1,Nao
Skyler Cabrera,augue.porttitor@semperet.org,Brazil,Paraíba,(43) 0000-4426,"Rahim French,amet.metus@quisque.net,Brazil,Pará,(35) 0000-9825,Ap #689-1854 Litora St.,Gerente de Enfermagem,9,2,Sim",Tecnico Enfermagem,6,1,Nao
Rahim French,amet.metus@quisque.net,Brazil,Pará,(35) 0000-9825,Ap #689-1854 Litora St.,Gerente de Enfermagem,9,2,Sim
Geraldine Stein,pretium.et.rutrum@namtempor.com,Brazil,Bahia,(63) 0000-0641,293-1544 Magna. Street,Auxiliar de Enfermagem,2,4,Sim
Vladimir Branch,integer.mollis@nisiaenean.org,Brazil,São Paulo,(81) 0000-4417,"Rahim French,amet.metus@quisque.net,Brazil,Pará,(35) 0000-9825,Ap #689-1854 Litora St.,Gerente de Enfermagem,9,2,Sim",Farmaceutico,4,4,Sim
Mufutau Santiago,cursus.nunc@aliquamtincidunt.com,Brazil,Ceará,(71) 0000-8648,Ap #663-8299 Quam Street,Enfermeiro Obstreta,10,3,Sim
Eve Donaldson,dolor.nulla@natoquepenatibus.com,Brazil,Ceará,(87) 0000-3725,9801 Lorem Road,Coordenador de Enfermagem,5,4,Nao
Abbot Hebert,aliquam.rutrum@vulputatemauris.net,Brazil,Santa Catarina,(52) 0000-3685,Ap #802-3592 Neque. Road,Enfermeiro Chefe,3,8,Sim
Clark Lewis,consequat.nec.mollis@crasvulputate.co.uk,Brazil,Paraná,(05) 0000-6870,Ap #144-1055 Amet Rd.,Enfermeiro Chefe,2,7,Sim
Gisela Velazquez,egestas.aliquam@montesnascetur.co.uk,Brazil,Maranhão,(85) 0000-7798,887-3779 A Ave,Enfermeiro Obstreta,10,4,Sim
Jasper Nichols,pellentesque.a@classaptent.co.uk,Brazil,Bahia,(33) 0000-4576,"Rahim French,amet.metus@quisque.net,Brazil,Pará,(35) 0000-9825,Ap #689-1854 Litora St.,Gerente de Enfermagem,9,2,Sim",Enfermeiro Obstreta,5,3,Nao
Teegan Noel,ac@sed.ca,Brazil,Rio de Janeiro,(36) 0000-6457,936-4930 Nisl St.,Coordenador de Enfermagem,10,8,Sim
Madonna Carey,mi@viverramaecenasiaculis.ca,Brazil,Maranhão,(56) 0000-2457,Ap #744-1812 Ut Ave,Nefrologista,8,4,Nao
Latifah Galloway,eros.nec.tellus@hendreritconsectetuer.org,Brazil,Rio Grande do Sul,(56) 0000-5726,Ap #595-2025 Etiam Avenue,Gerente de Enfermagem,8,6,Sim
Uriah Weeks,mattis.semper.dui@auctorodio.co.uk,Brazil,Rio de Janeiro,(28) 0000-1300,4425 Egestas. Avenue,Medico,3,7,Nao
Yoshio Colon,adipiscing.mauris@faucibusutnulla.net,Brazil,Pará,(55) 0000-8718,165-5123 Rhoncus. Avenue,Enfermeiro Plantonista,5,8,Sim
Jordan Cameron,tempor.arcu@tristiquesenectus.org,Brazil,Bahia,(70) 0000-2676,Ap #283-2153 Erat Rd.,Gerente de Enfermagem,7,8,Sim
Julie Farley,fusce.fermentum@viverradonec.ca,Brazil,Maranhão,(74) 0000-1301,"Rahim French,amet.metus@quisque.net,Brazil,Pará,(35) 0000-9825,Ap #689-1854 Litora St.,Gerente de Enfermagem,9,2,Sim",Cirurgiao,5,1,Sim
Cullen Ayers,tellus.faucibus@dictumeleifend.ca,Brazil,Rio de Janeiro,(76) 0000-0420,558-5224 Dui St.,Farmaceutico,4,8,Nao
Beau Clemons,nisl.quisque.fringilla@aenimsuspendisse.edu,Brazil,Goiás,(63) 0000-3132,"Rahim French,amet.metus@quisque.net,Brazil,Pará,(35) 0000-9825,Ap #689-1854 Litora St.,Gerente de Enfermagem,9,2,Sim",Tecnico Em Radiologia,6,6,Sim
Oleg Mcdaniel,dictum.augue@purussapien.ca,Brazil,Rio de Janeiro,(85) 0000-3844,"Rahim French,amet.metus@quisque.net,Brazil,Pará,(35) 0000-9825,Ap #689-1854 Litora St.,Gerente de Enfermagem,9,2,Sim",Farmaceutico,4,5,Sim
Hayden Castro,rutrum@venenatisvel.ca,Brazil,Santa Catarina,(30) 0000-3849,"Rahim French,amet.metus@quisque.net,Brazil,Pará,(35) 0000-9825,Ap #689-1854 Litora St.,Gerente de Enfermagem,9,2,Sim",Nefrologista,1,9,Nao
Phillip Blackwell,iaculis.quis.pede@semperegestasurna.org,Brazil,Goiás,(96) 0000-1786,Ap #119-7485 Tincidunt St.,Nefrologista,1,1,Nao
Carson Ruiz,eu.odio@erosproinultrices.co.uk,Brazil,Ceará,(64) 0000-2726,Ap #731-9151 Orci. Street,Tecnico Enfermagem,8,7,Sim
Tatiana Bauer,mauris.sit@vitaerisus.ca,Brazil,Rio Grande do Sul,(38) 0000-7625,2842 Tortor. Avenue,Medico,9,1,Nao
Priscilla Ball,nulla.at.sem@torquentper.ca,Brazil,Bahia,(07) 0000-5245,"Rahim French,amet.metus@quisque.net,Brazil,Pará,(35) 0000-9825,Ap #689-1854 Litora St.,Gerente de Enfermagem,9,2,Sim",Fisioterapeuta Geral,10,3,Nao
Gemma Burton,et@elita.net,Brazil,Pernambuco,(85) 0000-0620,Ap #592-3952 Ultricies Ave,Enfermeiro UTI,8,5,Nao
Herrod Holcomb,ipsum.leo@pede.edu,Brazil,Paraíba,(46) 0000-9573,Ap #510-1056 Ac St.,Tecnico Em Radiologia,5,7,Nao
Fallon Blanchard,aliquam.erat@nisicum.org,Brazil,Santa Catarina,(35) 0000-6452,"Rahim French,amet.metus@quisque.net,Brazil,Pará,(35) 0000-9825,Ap #689-1854 Litora St.,Gerente de Enfermagem,9,2,Sim",Tecnico Em Radiologia,2,3,Sim
Nigel Ford,vitae.nibh@sedleocras.net,Brazil,Rio Grande do Sul,(28) 0000-8228,354-6155 Nunc Ave,Enfermeiro Plantonista,4,10,Nao
Ryder Knowles,vivamus@rhoncusnullamvelit.org,Brazil,Minas Gerais,(64) 0000-3494,Ap #283-4402 Arcu. Ave,Enfermeiro Obstreta,2,2,Nao
Chandler Finch,nisi.aenean@temporarcu.net,Brazil,Rio Grande do Sul,(15) 0000-7012,Ap #335-3191 Vel Avenue,Enfermeiro Obstreta,9,1,Nao
Sheila Rogers,sit@lacinia.co.uk,Brazil,Goiás,(28) 0000-3089,779-886 Amet Av.,Coordenador de Enfermagem,10,2,Nao
Harlan Cline,adipiscing.elit@ettristiquepellentesque.co.uk,Brazil,Maranhão,(23) 0000-7630,204-2116 Nulla Road,Enfermeiro Chefe,9,1,Nao
Cody Kelly,augue.id.ante@apurus.org,Brazil,Pernambuco,(18) 0000-2612,"Rahim French,amet.metus@quisque.net,Brazil,Pará,(35) 0000-9825,Ap #689-1854 Litora St.,Gerente de Enfermagem,9,2,Sim",Farmaceutico,2,7,Sim
Moses Pitts,cum.sociis@in.org,Brazil,Rio Grande do Sul,(03) 0000-7042,"Rahim French,amet.metus@quisque.net,Brazil,Pará,(35) 0000-9825,Ap #689-1854 Litora St.,Gerente de Enfermagem,9,2,Sim",Tecnico Enfermagem,2,1,Sim
Ria Frazier,sem.pellentesque@senectuset.edu,Brazil,Santa Catarina,(63) 0000-1143,"Rahim French,amet.metus@quisque.net,Brazil,Pará,(35) 0000-9825,Ap #689-1854 Litora St.,Gerente de Enfermagem,9,2,Sim",Enfermeiro Plantonista,4,3,Nao
Amber Watkins,dui.lectus@erat.ca,Brazil,Maranhão,(44) 0000-0614,278-6619 Donec St.,Tecnico Em Radiologia,9,8,Sim
Zoe Dotson,orci.ut.semper@rhoncusdonec.co.uk,Brazil,Pernambuco,(44) 0000-9547,809-7435 Ac St.,Enfermeiro Chefe,10,9,Nao
Ivan Whitley,ornare.placerat.orci@duisrisus.com,Brazil,Pernambuco,(12) 0000-5476,Ap #719-9832 Faucibus St.,Auxiliar de Enfermagem,5,10,Sim
Ishmael Durham,proin.nisl@augueeutellus.co.uk,Brazil,Rio Grande do Sul,(84) 0000-3112,622-2201 Nisl. St.,Tecnico Enfermagem,1,1,Nao
Brian Hensley,nam.tempor@integerid.com,Brazil,Paraíba,(38) 0000-5515,923-3687 Enim St.,Enfermeiro UTI,9,2,Sim
Sage Mcmillan,mauris.a@metusin.edu,Brazil,Goiás,(65) 0000-3611,Ap #831-7721 Volutpat. Rd.,Medico,4,7,Nao
Isaiah Baird,et.rutrum@etlaciniavitae.co.uk,Brazil,Minas Gerais,(02) 0000-8452,646-5870 Dapibus Av.,Tecnico Em Radiologia,8,4,Nao
Owen Hernandez,auctor.velit@laoreet.co.uk,Brazil,Maranhão,(06) 0000-2135,138-9173 Lacinia Rd.,Enfermeiro Chefe,1,4,Nao
Simone Jensen,ut@risusdonecnibh.org,Brazil,Minas Gerais,(96) 0000-9301,687-9165 Arcu. Av.,Tecnico Enfermagem,9,1,Nao
Hollee Giles,laoreet.libero@ac.com,Brazil,Bahia,(60) 0000-5346,"Rahim French,amet.metus@quisque.net,Brazil,Pará,(35) 0000-9825,Ap #689-1854 Litora St.,Gerente de Enfermagem,9,2,Sim",Cirurgiao,5,3,Sim
Eaton Pittman,facilisis@nasceturridiculusmus.net,Brazil,Minas Gerais,(86) 0000-2434,Ap #282-8107 Tristique Rd.,Auxiliar de Enfermagem,4,9,Sim
Burton Kennedy,sem.ut@donecconsectetuermauris.ca,Brazil,Pernambuco,(27) 0000-2128,138-9385 Malesuada St.,Farmaceutico,1,3,Nao
Brittany Rocha,lobortis.nisi@mifelis.edu,Brazil,São Paulo,(22) 0000-3227,5022 Nibh Street,Enfermeiro Obstreta,3,9,Nao
Jerome Hobbs,ac.ipsum@tellusphasellus.ca,Brazil,Minas Gerais,(40) 0000-4798,361-1668 Velit. Rd.,Auxiliar de Enfermagem,5,4,Sim
Simon Humphrey,ac.metus.vitae@tempor.com,Brazil,Paraná,(29) 0000-6548,"Brent Barker,neque.vitae@necimperdiet.net,Brazil,Minas Gerais,(84) 0000-7251,Ap #934-3708 Sodales Av.,Enfermeiro Plantonista,4,9,Nao",Medico,7,4,Nao
Brent Barker,neque.vitae@necimperdiet.net,Brazil,Minas Gerais,(84) 0000-7251,Ap #934-3708 Sodales Av.,Enfermeiro Plantonista,4,9,Nao
Christen Huff,ac@ametfaucibus.net,Brazil,Minas Gerais,(38) 0000-5774,210-352 Ligula. Street,Cirurgiao,3,2,Nao
Raymond Mcneil,nec.euismod@inscelerisque.com,Brazil,Minas Gerais,(70) 0000-7321,Ap #824-1213 Lorem Ave,Tecnico Enfermagem,5,7,Nao
Eugenia Bonner,mi.ac@fuscedolorquam.net,Brazil,Santa Catarina,(83) 0000-8561,303-8809 Id Av.,Auxiliar de Enfermagem,4,6,Nao
Rogan Mcmillan,proin.ultrices.duis@vivamus.ca,Brazil,Pernambuco,(53) 0000-3016,"Brent Barker,neque.vitae@necimperdiet.net,Brazil,Minas Gerais,(84) 0000-7251,Ap #934-3708 Sodales Av.,Enfermeiro Plantonista,4,9,Nao",Enfermeiro Plantonista,7,9,Nao
Quinn Lawson,adipiscing.enim@acorci.org,Brazil,Santa Catarina,(24) 0000-6138,"Brent Barker,neque.vitae@necimperdiet.net,Brazil,Minas Gerais,(84) 0000-7251,Ap #934-3708 Sodales Av.,Enfermeiro Plantonista,4,9,Nao",Enfermeiro Chefe,10,1,Nao
Shelly Buchanan,eu.dui@convallisligula.edu,Brazil,Pará,(14) 0000-3687,Ap #872-7479 Sed St.,Auxiliar de Enfermagem,3,4,Nao
Kirsten Martinez,vestibulum@anteiaculisnec.net,Brazil,Santa Catarina,(06) 0000-7983,"Brent Barker,neque.vitae@necimperdiet.net,Brazil,Minas Gerais,(84) 0000-7251,Ap #934-3708 Sodales Av.,Enfermeiro Plantonista,4,9,Nao",Fisioterapeuta Geral,5,1,Sim
Ryan Pugh,elementum.lorem.ut@erat.org,Brazil,Santa Catarina,(49) 0000-6879,Ap #665-9738 Ipsum Av.,Enfermeiro Obstreta,8,9,Nao
Ulric Curry,nunc.est@tristiqueac.net,Brazil,Paraná,(75) 0000-5681,"Brent Barker,neque.vitae@necimperdiet.net,Brazil,Minas Gerais,(84) 0000-7251,Ap #934-3708 Sodales Av.,Enfermeiro Plantonista,4,9,Nao",Gerente de Enfermagem,3,3,Nao
Buckminster Pratt,malesuada.fames@infaucibus.com,Brazil,Santa Catarina,(21) 0000-5528,Ap #583-2437 Ac Street,Coordenador de Enfermagem,5,2,Sim
Addison Buckner,a.mi.fringilla@sedconsequatauctor.com,Brazil,Goiás,(53) 0000-2607,731-9483 Rutrum Ave,Medico,2,9,Sim
Wyatt Nicholson,mauris.magna@adipiscingfringilla.co.uk,Brazil,Paraná,(18) 0000-5311,Ap #897-614 Morbi Rd.,Nefrologista,2,7,Nao
Ivan Hebert,turpis.nec.mauris@etiam.edu,Brazil,Rio Grande do Sul,(26) 0000-2608,668-9624 Nulla. Rd.,Enfermeiro Plantonista,7,3,Nao
Derek Dickson,ante.iaculis@sem.org,Brazil,Minas Gerais,(78) 0000-0513,1720 Integer Avenue,Farmaceutico,6,2,Sim
Sydnee Juarez,turpis.egestas@accumsan.edu,Brazil,Paraná,(77) 0000-7249,970-4126 Nulla. Rd.,Enfermeiro Obstreta,1,8,Nao
Vivian Pugh,vitae@eleifend.edu,Brazil,Rio Grande do Sul,(89) 0000-0215,"Brent Barker,neque.vitae@necimperdiet.net,Brazil,Minas Gerais,(84) 0000-7251,Ap #934-3708 Sodales Av.,Enfermeiro Plantonista,4,9,Nao",Medico,2,10,Sim
Kevyn Mcgowan,sociis.natoque.penatibus@sit.org,Brazil,Pernambuco,(42) 0000-5826,512-9430 In Avenue,Farmaceutico,6,8,Nao
Meghan Washington,in.sodales.elit@maurismorbi.org,Brazil,Pará,(48) 0000-8384,"Brent Barker,neque.vitae@necimperdiet.net,Brazil,Minas Gerais,(84) 0000-7251,Ap #934-3708 Sodales Av.,Enfermeiro Plantonista,4,9,Nao",Nefrologista,10,5,Sim
Ruby Donaldson,nullam.scelerisque@suspendissenon.com,Brazil,Pará,(16) 0000-9828,Ap #383-8280 Tristique Avenue,Enfermeiro UTI,9,8,Nao
Marah Miller,et@est.com,Brazil,Santa Catarina,(19) 0000-2438,Ap #502-6932 Nibh. Rd.,Enfermeiro Plantonista,9,6,Sim
Anne Cleveland,posuere.cubilia@at.org,Brazil,Rio de Janeiro,(93) 0000-5474,Ap #696-2759 Erat St.,Nefrologista,9,10,Nao
Herrod Farmer,augue.scelerisque.mollis@lacuscras.net,Brazil,Paraíba,(52) 0000-4944,"Brent Barker,neque.vitae@necimperdiet.net,Brazil,Minas Gerais,(84) 0000-7251,Ap #934-3708 Sodales Av.,Enfermeiro Plantonista,4,9,Nao",Enfermeiro UTI,2,6,Sim
Merrill Macdonald,ad@scelerisquescelerisque.ca,Brazil,Minas Gerais,(81) 0000-2632,1237 In Av.,Medico,3,2,Sim
Roanna Hampton,sit@duis.edu,Brazil,Paraíba,(38) 0000-8475,752-6770 Dolor. Avenue,Auxiliar de Enfermagem,8,2,Nao
Ila Hopper,sociosqu@semconsequat.net,Brazil,Rio de Janeiro,(91) 0000-8847,626-7958 Eleifend Rd.,Auxiliar de Enfermagem,6,6,Sim
Emery Barker,bibendum.sed@turpisegestas.edu,Brazil,Minas Gerais,(72) 0000-1868,414-6866 Dolor St.,Medico,6,3,Sim
Caesar Spears,id.magna@malesuadautsem.co.uk,Brazil,Maranhão,(24) 0000-1988,"Brent Barker,neque.vitae@necimperdiet.net,Brazil,Minas Gerais,(84) 0000-7251,Ap #934-3708 Sodales Av.,Enfermeiro Plantonista,4,9,Nao",Enfermeiro Obstreta,5,8,Nao
Lucius Forbes,mattis.velit@cursus.ca,Brazil,Paraíba,(63) 0000-3352,"Brent Barker,neque.vitae@necimperdiet.net,Brazil,Minas Gerais,(84) 0000-7251,Ap #934-3708 Sodales Av.,Enfermeiro Plantonista,4,9,Nao",Fisioterapeuta Geral,6,9,Nao
Stuart Boyd,luctus.felis@auguesed.com,Brazil,Rio de Janeiro,(22) 0000-4711,559-8468 Duis Av.,Enfermeiro UTI,1,10,Sim
Carissa Porter,adipiscing.enim@pellentesqueut.co.uk,Brazil,Paraíba,(38) 0000-6728,Ap #431-8529 Libero Road,Enfermeiro Chefe,2,9,Nao
Larissa Lawson,feugiat.tellus@nislnulla.co.uk,Brazil,Minas Gerais,(72) 0000-3353,690-2841 Mattis. St.,Auxiliar de Enfermagem,9,2,Sim
Chiquita Howe,proin.velit@magnacras.com,Brazil,Goiás,(09) 0000-1942,Ap #778-2561 Ante. Rd.,Coordenador de Enfermagem,1,6,Sim
Dalton Velez,fringilla.cursus@quampellentesque.com,Brazil,Ceará,(86) 0000-1614,1854 Dolor St.,Tecnico Em Radiologia,9,6,Sim
Ainsley Nolan,ornare.sagittis@aeneansedpede.co.uk,Brazil,Paraíba,(35) 0000-5982,"Brent Barker,neque.vitae@necimperdiet.net,Brazil,Minas Gerais,(84) 0000-7251,Ap #934-3708 Sodales Av.,Enfermeiro Plantonista,4,9,Nao",Nefrologista,6,6,Sim
Caldwell Beard,neque.sed@magnalorem.edu,Brazil,Paraná,(80) 0000-4436,"Brent Barker,neque.vitae@necimperdiet.net,Brazil,Minas Gerais,(84) 0000-7251,Ap #934-3708 Sodales Av.,Enfermeiro Plantonista,4,9,Nao",Fisioterapeuta Geral,9,1,Sim
Simon Talley,venenatis.a.magna@placeratvelitquisque.org,Brazil,Rio Grande do Sul,(18) 0000-7992,"Brent Barker,neque.vitae@necimperdiet.net,Brazil,Minas Gerais,(84) 0000-7251,Ap #934-3708 Sodales Av.,Enfermeiro Plantonista,4,9,Nao",Fisioterapeuta Geral,1,4,Sim
Hayfa Jimenez,at@velnisl.ca,Brazil,Goiás,(84) 0000-7621,Ap #343-852 Proin Ave,Gerente de Enfermagem,5,2,Nao
Wing Justice,curae@dolor.org,Brazil,Paraná,(38) 0000-3442,Ap #261-4501 Sit Rd.,Farmaceutico,2,7,Sim
Caesar Johnson,lectus.nullam.suscipit@uteratsed.co.uk,Brazil,Santa Catarina,(71) 0000-4182,839-8762 Cras Rd.,Fisioterapeuta Geral,10,6,Nao
Kyla Perez,dui@tellus.org,Brazil,Ceará,(23) 0000-1303,876-1084 Dolor. Ave,Tecnico Enfermagem,5,7,Nao
Venus King,nunc.risus@nibhdolor.co.uk,Brazil,Pernambuco,(21) 0000-3925,Ap #433-9207 Eleifend Ave,Fisioterapeuta Geral,7,8,Nao
Hakeem Adams,lobortis@interdumsedauctor.com,Brazil,Pernambuco,(38) 0000-3307,"Brent Barker,neque.vitae@necimperdiet.net,Brazil,Minas Gerais,(84) 0000-7251,Ap #934-3708 Sodales Av.,Enfermeiro Plantonista,4,9,Nao",Enfermeiro Obstreta,6,4,Nao
Quon Vaughan,felis.ullamcorper@morbi.edu,Brazil,Pará,(63) 0000-5314,378-5340 Arcu. St.,Enfermeiro Chefe,2,2,Sim
Beverly Barrett,lorem.vehicula@non.net,Brazil,Paraíba,(54) 0000-1831,Ap #952-3480 Ligula. Road,Fisioterapeuta Geral,9,4,Sim
Rogan Atkins,lorem.tristique@etmagnis.org,Brazil,Pernambuco,(53) 0000-3500,448-7380 Donec Avenue,Enfermeiro Obstreta,5,4,Sim
Kiara Cochran,turpis.in@intincidunt.net,Brazil,Paraíba,(95) 0000-7489,1013 Ipsum. Ave,Auxiliar de Enfermagem,7,1,Nao
Claire Kaufman,turpis.vitae@nisi.com,Brazil,Goiás,(74) 0000-1833,"Jordan Holland,dolor.tempus@suscipitest.com,Brazil,Paraná,(15) 0000-7281,P.O. Box 875, 4205 Sodales Av.,Nefrologista,1,8,Sim",Cirurgiao,7,6,Sim
Fletcher Avila,donec.at.arcu@adipiscingligula.edu,Brazil,São Paulo,(17) 0000-4187,5665 Aliquam St.,Cirurgiao,10,4,Nao
Delilah Golden,donec@duifusce.ca,Brazil,Goiás,(29) 0000-3339,762-5794 Est. St.,Enfermeiro UTI,3,1,Nao
Jordan Holland,dolor.tempus@suscipitest.com,Brazil,Paraná,(15) 0000-7281,"Jordan Holland,dolor.tempus@suscipitest.com,Brazil,Paraná,(15) 0000-7281,P.O. Box 875, 4205 Sodales Av.,Nefrologista,1,8,Sim",Nefrologista,1,8,Sim
Adrian Dillard,lectus@ametrisus.co.uk,Brazil,Bahia,(54) 0000-3338,198-6379 Luctus Av.,Enfermeiro Plantonista,10,7,Nao
Amy Blackwell,in.faucibus.orci@tincidunt.org,Brazil,Pernambuco,(78) 0000-6433,"Jordan Holland,dolor.tempus@suscipitest.com,Brazil,Paraná,(15) 0000-7281,P.O. Box 875, 4205 Sodales Av.,Nefrologista,1,8,Sim",Coordenador de Enfermagem,7,7,Nao
Clementine Weeks,metus@egetdictumplacerat.net,Brazil,Rio de Janeiro,(30) 0000-9287,132-6445 Phasellus Avenue,Auxiliar de Enfermagem,4,4,Nao
Lila Santana,quisque.libero@nibhlaciniaorci.org,Brazil,Maranhão,(77) 0000-2310,"Jordan Holland,dolor.tempus@suscipitest.com,Brazil,Paraná,(15) 0000-7281,P.O. Box 875, 4205 Sodales Av.,Nefrologista,1,8,Sim",Nefrologista,5,5,Nao
Yvette Pacheco,ipsum.donec@massaquisqueporttitor.ca,Brazil,Rio de Janeiro,(77) 0000-5536,"Jordan Holland,dolor.tempus@suscipitest.com,Brazil,Paraná,(15) 0000-7281,P.O. Box 875, 4205 Sodales Av.,Nefrologista,1,8,Sim",Tecnico Em Radiologia,4,1,Nao
Calista Rodgers,eu.nibh.vulputate@elit.co.uk,Brazil,Pará,(72) 0000-8372,8590 Sem St.,Enfermeiro Chefe,6,1,Nao
Melissa Alvarez,cras.dictum.ultricies@maurismorbinon.net,Brazil,Minas Gerais,(80) 0000-1724,196-4177 Luctus Rd.,Enfermeiro UTI,5,10,Sim
Ann Chang,risus.morbi.metus@eratvivamus.net,Brazil,Bahia,(83) 0000-6507,145-1099 Eget St.,Enfermeiro UTI,5,8,Nao
Jena Hardin,dolor.sit@lectusante.edu,Brazil,Pará,(31) 0000-1546,Ap #738-5046 Nulla. Avenue,Coordenador de Enfermagem,4,1,Sim
Roth Gay,mauris.a@necmaurisblandit.net,Brazil,Minas Gerais,(65) 0000-3086,127-775 Rutrum. Ave,Medico,4,1,Sim
Sharon Santana,id.erat@lectussitamet.ca,Brazil,Paraíba,(52) 0000-5717,216-7560 Tincidunt Road,Cirurgiao,5,6,Nao
Wynter Thompson,netus@nulla.org,Brazil,Paraíba,(71) 0000-2302,Ap #661-3230 Parturient Road,Cirurgiao,1,9,Sim
Noble Mcclure,pellentesque.ut@consectetuerrhoncus.co.uk,Brazil,Pernambuco,(28) 0000-0317,5519 Cras Road,Farmaceutico,1,4,Nao
Noel Dickerson,arcu@tinciduntadipiscingmauris.com,Brazil,Maranhão,(22) 0000-3874,253-9651 Malesuada St.,Fisioterapeuta Geral,1,1,Nao
Fritz Miranda,blandit@molestie.ca,Brazil,Goiás,(41) 0000-1421,Ap #445-4472 Cras Av.,Gerente de Enfermagem,1,9,Sim
Cooper Barber,est.nunc.laoreet@lectuscumsociis.edu,Brazil,Pará,(25) 0000-6764,"Jordan Holland,dolor.tempus@suscipitest.com,Brazil,Paraná,(15) 0000-7281,P.O. Box 875, 4205 Sodales Av.,Nefrologista,1,8,Sim",Enfermeiro Plantonista,3,10,Nao
Ann Walker,sagittis.lobortis@proinvel.org,Brazil,Pernambuco,(07) 0000-1881,"Jordan Holland,dolor.tempus@suscipitest.com,Brazil,Paraná,(15) 0000-7281,P.O. Box 875, 4205 Sodales Av.,Nefrologista,1,8,Sim",Tecnico Em Radiologia,8,4,Sim
Lars Wheeler,mauris.vestibulum@crasdictum.org,Brazil,Santa Catarina,(38) 0000-3984,"Jordan Holland,dolor.tempus@suscipitest.com,Brazil,Paraná,(15) 0000-7281,P.O. Box 875, 4205 Sodales Av.,Nefrologista,1,8,Sim",Gerente de Enfermagem,1,8,Sim
Ciaran Jackson,vitae.posuere.at@arcualiquam.co.uk,Brazil,São Paulo,(56) 0000-3783,7221 Mus. Rd.,Nefrologista,7,5,Nao
Katelyn Hood,arcu@miduisrisus.ca,Brazil,Rio de Janeiro,(52) 0000-5852,Ap #545-5301 Ornare St.,Enfermeiro Chefe,4,1,Sim
Ronan Potter,risus.duis@nullainteger.co.uk,Brazil,Pernambuco,(30) 0000-3154,748-4428 Curabitur Avenue,Enfermeiro Obstreta,10,7,Nao
Thaddeus Spence,porttitor.scelerisque.neque@aarcu.ca,Brazil,Paraná,(61) 0000-8472,9221 Tortor Ave,Auxiliar de Enfermagem,5,1,Sim
Tashya Casey,fusce.feugiat@ipsumdolorsit.ca,Brazil,Rio Grande do Sul,(64) 0000-2583,"Jordan Holland,dolor.tempus@suscipitest.com,Brazil,Paraná,(15) 0000-7281,P.O. Box 875, 4205 Sodales Av.,Nefrologista,1,8,Sim",Enfermeiro UTI,3,8,Nao
Reece Pace,nec.urna@vitaenibhdonec.edu,Brazil,São Paulo,(75) 0000-7997,129-9428 Scelerisque Rd.,Tecnico Em Radiologia,3,8,Nao
Caleb Reynolds,ornare.sagittis.felis@nulladignissimmaecenas.edu,Brazil,Bahia,(37) 0000-6536,Ap #728-1973 Morbi Av.,Gerente de Enfermagem,6,10,Nao
Darrel Wilson,ornare.lectus@maurisblandit.net,Brazil,Goiás,(44) 0000-7653,7302 Phasellus Road,Medico,4,1,Sim
Macy Christensen,sem.nulla.interdum@idantenunc.org,Brazil,Paraná,(52) 0000-4624,Ap #693-3052 Ut Avenue,Enfermeiro Chefe,9,4,Sim
Allen Cook,ut@dictumplacerat.net,Brazil,Minas Gerais,(85) 0000-9351,"Jordan Holland,dolor.tempus@suscipitest.com,Brazil,Paraná,(15) 0000-7281,P.O. Box 875, 4205 Sodales Av.,Nefrologista,1,8,Sim",Coordenador de Enfermagem,7,1,Sim
Brody Rivas,ante.nunc@aenean.ca,Brazil,Bahia,(48) 0000-1029,"Jordan Holland,dolor.tempus@suscipitest.com,Brazil,Paraná,(15) 0000-7281,P.O. Box 875, 4205 Sodales Av.,Nefrologista,1,8,Sim",Cirurgiao,5,9,Nao
Aquila Velazquez,elit.elit@non.net,Brazil,Rio Grande do Sul,(78) 0000-2303,"Jordan Holland,dolor.tempus@suscipitest.com,Brazil,Paraná,(15) 0000-7281,P.O. Box 875, 4205 Sodales Av.,Nefrologista,1,8,Sim",Medico,9,4,Nao
Belle Hale,velit.eu.sem@nunclaoreetlectus.edu,Brazil,Minas Gerais,(88) 0000-2439,945-9887 Vel Ave,Fisioterapeuta Geral,3,9,Sim
Alea William,nunc@feugiattelluslorem.org,Brazil,Goiás,(38) 0000-5762,"Jordan Holland,dolor.tempus@suscipitest.com,Brazil,Paraná,(15) 0000-7281,P.O. Box 875, 4205 Sodales Av.,Nefrologista,1,8,Sim",Farmaceutico,2,4,Nao
Alec Jacobs,curabitur.vel.lectus@blanditenim.ca,Brazil,Pernambuco,(61) 0000-3568,605-233 Dolor Street,Auxiliar de Enfermagem,4,5,Nao
Yolanda Garza,duis@erat.ca,Brazil,Rio Grande do Sul,(46) 0000-5865,"Jordan Holland,dolor.tempus@suscipitest.com,Brazil,Paraná,(15) 0000-7281,P.O. Box 875, 4205 Sodales Av.,Nefrologista,1,8,Sim",Coordenador de Enfermagem,4,9,Nao
Duncan West,enim.nisl@sodales.org,Brazil,Maranhão,(37) 0000-3248,"Jordan Holland,dolor.tempus@suscipitest.com,Brazil,Paraná,(15) 0000-7281,P.O. Box 875, 4205 Sodales Av.,Nefrologista,1,8,Sim",Enfermeiro UTI,7,9,Nao
Wanda Berry,at.augue.id@quamafelis.co.uk,Brazil,Pará,(32) 0000-2521,8250 Sollicitudin St.,Farmaceutico,7,4,Nao
Wyoming Gentry,cursus.et@nonhendreritid.edu,Brazil,Goiás,(28) 0000-9543,862-9050 Tristique St.,Enfermeiro Chefe,9,7,Sim
Maryam Castillo,proin.mi@ultricesvivamus.co.uk,Brazil,Maranhão,(45) 0000-8037,4735 Et Av.,Nefrologista,3,2,Nao
Gage Mckee,arcu@neque.com,Brazil,Pará,(51) 0000-5255,Ap #172-9343 Cursus Avenue,Nefrologista,3,9,Sim
Xavier Lynn,parturient.montes@sem.ca,Brazil,Minas Gerais,(21) 0000-1567,Ap #592-2708 Faucibus Rd.,Coordenador de Enfermagem,10,8,Nao
Xenos Peterson,amet@velpede.org,Brazil,Rio de Janeiro,(32) 0000-0618,"Jordan Holland,dolor.tempus@suscipitest.com,Brazil,Paraná,(15) 0000-7281,P.O. Box 875, 4205 Sodales Av.,Nefrologista,1,8,Sim",Auxiliar de Enfermagem,10,7,Nao
Francis Boyer,eget.tincidunt.dui@arcu.net,Brazil,São Paulo,(10) 0000-1866,"Jordan Holland,dolor.tempus@suscipitest.com,Brazil,Paraná,(15) 0000-7281,P.O. Box 875, 4205 Sodales Av.,Nefrologista,1,8,Sim",Tecnico Enfermagem,6,9,Sim
Doris Harmon,urna.vivamus.molestie@aliquamerat.co.uk,Brazil,Paraíba,(55) 0000-0184,"Jordan Holland,dolor.tempus@suscipitest.com,Brazil,Paraná,(15) 0000-7281,P.O. Box 875, 4205 Sodales Av.,Nefrologista,1,8,Sim",Enfermeiro Obstreta,8,1,Nao
Kibo Shepard,arcu.sed@duinecurna.com,Brazil,Goiás,(47) 0000-8765,"Jordan Holland,dolor.tempus@suscipitest.com,Brazil,Paraná,(15) 0000-7281,P.O. Box 875, 4205 Sodales Av.,Nefrologista,1,8,Sim",Enfermeiro Plantonista,4,2,Sim
Odysseus Gregory,leo.vivamus.nibh@fuscediam.edu,Brazil,Paraíba,(45) 0000-3240,9000 Felis Rd.,Enfermeiro Chefe,6,10,Nao
Gisela Sheppard,gravida@urnanec.org,Brazil,Rio Grande do Sul,(88) 0000-8897,Ap #171-5020 Nullam Ave,Auxiliar de Enfermagem,6,6,Nao
Isaiah Sharp,felis.eget.varius@vitae.edu,Brazil,Rio de Janeiro,(25) 0000-7268,"Andrew Sargent,fringilla@risusquisque.ca,Brazil,Maranhão,(37) 0000-3752,554-4948 Dis Street,Enfermeiro Plantonista,5,10,Sim",Enfermeiro UTI,7,6,Sim
Caesar Rodgers,consectetuer.ipsum.nunc@erat.co.uk,Brazil,São Paulo,(46) 0000-8866,7016 Lacinia St.,Auxiliar de Enfermagem,8,6,Nao
Ethan Montoya,pellentesque@fuscealiquamenim.org,Brazil,Minas Gerais,(33) 0000-6512,"Andrew Sargent,fringilla@risusquisque.ca,Brazil,Maranhão,(37) 0000-3752,554-4948 Dis Street,Enfermeiro Plantonista,5,10,Sim",Tecnico Enfermagem,8,6,Nao
Andrew Sargent,fringilla@risusquisque.ca,Brazil,Maranhão,(37) 0000-3752,554-4948 Dis Street,Enfermeiro Plantonista,5,10,Sim
Yuli Mcconnell,lectus@fuscemi.com,Brazil,Maranhão,(81) 0000-3690,"Andrew Sargent,fringilla@risusquisque.ca,Brazil,Maranhão,(37) 0000-3752,554-4948 Dis Street,Enfermeiro Plantonista,5,10,Sim",Gerente de Enfermagem,8,1,Nao
Jana Ratliff,sed.dui.fusce@sitamet.co.uk,Brazil,Santa Catarina,(68) 0000-9344,430-9585 Augue Rd.,Enfermeiro Obstreta,5,10,Sim
Benjamin Kane,varius@diampellentesque.ca,Brazil,Goiás,(79) 0000-2241,438-3416 Ut Av.,Tecnico Em Radiologia,10,9,Nao
Zoe Mitchell,arcu.eu@malesuada.com,Brazil,Goiás,(67) 0000-5122,379-4042 Consequat Road,Fisioterapeuta Geral,8,4,Nao
Ulysses Nieves,tellus.phasellus.elit@mipede.org,Brazil,Rio Grande do Sul,(51) 0000-5148,"Andrew Sargent,fringilla@risusquisque.ca,Brazil,Maranhão,(37) 0000-3752,554-4948 Dis Street,Enfermeiro Plantonista,5,10,Sim",Fisioterapeuta Geral,8,1,Nao
Sydney Schultz,turpis@pharetranibh.co.uk,Brazil,Ceará,(28) 0000-5061,805 Ultrices St.,Coordenador de Enfermagem,7,4,Sim
Patrick Snider,enim.etiam@arcuetpede.net,Brazil,Maranhão,(69) 0000-3885,Ap #688-6311 Pharetra Rd.,Enfermeiro Chefe,2,8,Nao
Aspen Macias,lorem.ipsum@luctuslobortisclass.ca,Brazil,Goiás,(67) 0000-7274,530-1514 Venenatis St.,Medico,6,6,Sim
Harriet Santos,adipiscing.elit@odio.com,Brazil,Santa Catarina,(67) 0000-6484,Ap #757-4314 Dignissim Avenue,Farmaceutico,1,9,Nao
Zeph Irwin,et.ipsum@lectus.net,Brazil,Paraíba,(33) 0000-6046,"Andrew Sargent,fringilla@risusquisque.ca,Brazil,Maranhão,(37) 0000-3752,554-4948 Dis Street,Enfermeiro Plantonista,5,10,Sim",Coordenador de Enfermagem,8,10,Nao
Gavin Watkins,massa.mauris@vehiculaetrutrum.ca,Brazil,Santa Catarina,(05) 0000-2183,240-7927 Duis Rd.,Coordenador de Enfermagem,3,10,Nao
Hamish Goodman,tincidunt.vehicula.risus@risusnulla.ca,Brazil,Ceará,(72) 0000-4658,"Andrew Sargent,fringilla@risusquisque.ca,Brazil,Maranhão,(37) 0000-3752,554-4948 Dis Street,Enfermeiro Plantonista,5,10,Sim",Farmaceutico,1,10,Sim
Herrod Kennedy,pellentesque.massa.lobortis@nulla.net,Brazil,São Paulo,(38) 0000-2855,"Andrew Sargent,fringilla@risusquisque.ca,Brazil,Maranhão,(37) 0000-3752,554-4948 Dis Street,Enfermeiro Plantonista,5,10,Sim",Coordenador de Enfermagem,7,6,Nao
Lael Mckinney,nulla.in@acarcununc.org,Brazil,Ceará,(25) 0000-1022,"Andrew Sargent,fringilla@risusquisque.ca,Brazil,Maranhão,(37) 0000-3752,554-4948 Dis Street,Enfermeiro Plantonista,5,10,Sim",Fisioterapeuta Geral,10,2,Sim
Lana Lloyd,sodales.elit@quisquelibero.net,Brazil,Rio Grande do Sul,(48) 0000-8183,Ap #714-600 Enim Rd.,Nefrologista,1,3,Nao
Breanna Rios,est@donecfelis.org,Brazil,Bahia,(46) 0000-5396,Ap #514-5123 Mauris. Rd.,Medico,7,2,Nao
Kelly Waller,nunc.mauris.sapien@nullaaliquet.org,Brazil,Pará,(18) 0000-0403,Ap #491-3893 Ac Street,Coordenador de Enfermagem,3,5,Sim
Kermit Tucker,hendrerit@vestibulum.edu,Brazil,Pará,(38) 0000-8735,Ap #293-2680 Condimentum. Rd.,Enfermeiro Plantonista,1,4,Sim
Harper Petty,non.dui.nec@sagittissemper.com,Brazil,Santa Catarina,(68) 0000-9171,"Andrew Sargent,fringilla@risusquisque.ca,Brazil,Maranhão,(37) 0000-3752,554-4948 Dis Street,Enfermeiro Plantonista,5,10,Sim",Enfermeiro UTI,4,3,Nao
Castor Chapman,magna.a@non.co.uk,Brazil,Paraná,(54) 0000-4737,"Andrew Sargent,fringilla@risusquisque.ca,Brazil,Maranhão,(37) 0000-3752,554-4948 Dis Street,Enfermeiro Plantonista,5,10,Sim",Medico,7,7,Sim
Lani Browning,auctor@egestashendrerit.net,Brazil,Paraíba,(37) 0000-6947,615-8223 In Ave,Coordenador de Enfermagem,6,10,Nao
Vaughan Everett,mi.lorem@sagittisplacerat.co.uk,Brazil,Bahia,(77) 0000-1554,Ap #513-7689 Nisi. Ave,Medico,5,3,Nao
Marshall Sanford,dolor@vivamus.co.uk,Brazil,Bahia,(46) 0000-8475,"Andrew Sargent,fringilla@risusquisque.ca,Brazil,Maranhão,(37) 0000-3752,554-4948 Dis Street,Enfermeiro Plantonista,5,10,Sim",Coordenador de Enfermagem,2,2,Nao
Pearl Hays,luctus.et.ultrices@fringillaest.com,Brazil,Minas Gerais,(64) 0000-2657,"Andrew Sargent,fringilla@risusquisque.ca,Brazil,Maranhão,(37) 0000-3752,554-4948 Dis Street,Enfermeiro Plantonista,5,10,Sim",Gerente de Enfermagem,1,7,Nao
Ivy Foley,eleifend.nec.malesuada@phasellus.co.uk,Brazil,Pernambuco,(67) 0000-6873,6663 Pellentesque Road,Nefrologista,5,8,Sim
Sylvia Whitney,vel@at.org,Brazil,Minas Gerais,(82) 0000-6626,Ap #530-2085 Justo. Avenue,Enfermeiro UTI,5,6,Nao
Uma Garrett,id@vestibulumlorem.edu,Brazil,Pernambuco,(67) 0000-8014,"Andrew Sargent,fringilla@risusquisque.ca,Brazil,Maranhão,(37) 0000-3752,554-4948 Dis Street,Enfermeiro Plantonista,5,10,Sim",Coordenador de Enfermagem,6,4,Nao
Dora Hanson,eget.varius@dapibusquam.co.uk,Brazil,Minas Gerais,(59) 0000-1543,5757 Fusce Avenue,Auxiliar de Enfermagem,5,3,Sim
Nora Cross,at@hendreritdonec.co.uk,Brazil,Ceará,(74) 0000-6021,8076 Egestas Street,Fisioterapeuta Geral,8,9,Nao
Hiroko Curtis,primis.in@sagittis.edu,Brazil,Goiás,(26) 0000-2814,Ap #285-4150 Eu Avenue,Enfermeiro Chefe,5,8,Nao
Henry English,aenean.eget@volutpatnulla.edu,Brazil,Goiás,(26) 0000-2518,Ap #824-8586 Nec St.,Nefrologista,10,6,Nao
Levi Castaneda,duis.sit@blanditconguein.com,Brazil,Santa Catarina,(31) 0000-4254,479-2332 Arcu. Av.,Farmaceutico,2,9,Nao
Lyle Sanders,consectetuer.euismod.est@nullaeu.edu,Brazil,Paraná,(39) 0000-6607,Ap #110-1466 Fringilla Rd.,Tecnico Enfermagem,9,4,Nao
Allen Mcfarland,felis.orci@nunc.edu,Brazil,Minas Gerais,(52) 0000-6367,Ap #814-1959 Faucibus St.,Farmaceutico,6,2,Sim
Hakeem Franco,curabitur.ut@nonenimcommodo.org,Brazil,Rio de Janeiro,(48) 0000-6032,5319 Tortor. Rd.,Coordenador de Enfermagem,1,7,Nao
Rama Garrett,malesuada.id.erat@donecvitae.net,Brazil,Minas Gerais,(25) 0000-5761,192-9770 Nisi St.,Gerente de Enfermagem,2,5,Nao
Phillip Barrera,velit@praesentluctus.com,Brazil,São Paulo,(47) 0000-1223,2166 Lorem. Ave,Enfermeiro Obstreta,1,9,Nao
Dora Morin,sem.ut@odioauctor.ca,Brazil,Goiás,(80) 0000-4842,630-5406 Egestas. Road,Enfermeiro UTI,4,4,Nao
Mohammad Wilkinson,sed@sedsapiennunc.ca,Brazil,Pará,(78) 0000-7156,"Andrew Sargent,fringilla@risusquisque.ca,Brazil,Maranhão,(37) 0000-3752,554-4948 Dis Street,Enfermeiro Plantonista,5,10,Sim",Auxiliar de Enfermagem,1,10,Nao
Noelle Dickson,nec.tempus@ametmassaquisque.org,Brazil,Paraíba,(83) 0000-6636,"Andrew Sargent,fringilla@risusquisque.ca,Brazil,Maranhão,(37) 0000-3752,554-4948 Dis Street,Enfermeiro Plantonista,5,10,Sim",Enfermeiro UTI,8,6,Nao
Alexander Carter,neque.morbi.quis@acmattissemper.net,Brazil,Rio de Janeiro,(28) 0000-8738,Ap #681-3351 Nonummy Av.,Tecnico Enfermagem,4,4,Nao
Rajah Harvey,magna.a.tortor@quis.edu,Brazil,Rio de Janeiro,(84) 0000-6665,686-377 Velit Ave,Medico,5,1,Sim
Camille Doyle,placerat.eget@sed.net,Brazil,São Paulo,(17) 0000-4663,859-5716 Dolor. Road,Tecnico Em Radiologia,4,10,Sim
Nathaniel Silva,velit.eu@est.org,Brazil,Pernambuco,(07) 0000-7608,Ap #773-9918 Sed Avenue,Enfermeiro Plantonista,10,5,Sim
Quintessa Lawson,aliquet.odio@amagna.com,Brazil,Ceará,(27) 0000-1769,948-9576 Risus St.,Farmaceutico,6,9,Nao
Kennedy Stevenson,natoque.penatibus@duis.org,Brazil,Rio Grande do Sul,(11) 0000-6238,Ap #522-3948 Blandit Av.,Tecnico Em Radiologia,1,9,Sim
Gay Hensley,elit@etmagnis.ca,Brazil,Pará,(03) 0000-3020,520 Convallis Street,Enfermeiro Obstreta,4,4,Sim
Sybill Turner,elit.curabitur@mattisintegereu.co.uk,Brazil,Paraíba,(16) 0000-5352,242-8348 Vestibulum Rd.,Tecnico Em Radiologia,4,7,Sim
Melissa Downs,a.ultricies@anunc.ca,Brazil,Rio Grande do Sul,(02) 0000-8983,108-5036 Mollis. St.,Gerente de Enfermagem,5,5,Sim
Finn David,lectus.pede@nasceturridiculus.co.uk,Brazil,Paraná,(72) 0000-5869,"Finn David,lectus.pede@nasceturridiculus.co.uk,Brazil,Paraná,(72) 0000-5869,P.O. Box 704, 904 Mattis. Rd.,Coordenador de Enfermagem,5,1,Nao",Coordenador de Enfermagem,5,1,Nao
Jennifer Wilson,dui.augue@ipsum.edu,Brazil,Minas Gerais,(55) 0000-0178,"Finn David,lectus.pede@nasceturridiculus.co.uk,Brazil,Paraná,(72) 0000-5869,P.O. Box 704, 904 Mattis. Rd.,Coordenador de Enfermagem,5,1,Nao",Enfermeiro Chefe,4,9,Nao
Hoyt Barnett,donec.feugiat@facilisis.org,Brazil,Maranhão,(66) 0000-2764,Ap #192-4957 Ornare Road,Cirurgiao,10,1,Nao
Hayley Mcdonald,sed.dictum@infaucibus.org,Brazil,Minas Gerais,(37) 0000-5107,"Finn David,lectus.pede@nasceturridiculus.co.uk,Brazil,Paraná,(72) 0000-5869,P.O. Box 704, 904 Mattis. Rd.,Coordenador de Enfermagem,5,1,Nao",Tecnico Enfermagem,2,6,Nao
Xenos Snyder,nibh.vulputate@ornarein.net,Brazil,Bahia,(86) 0000-9245,480-3775 Eget Rd.,Tecnico Em Radiologia,10,4,Nao
James Hendricks,etiam.ligula@eu.co.uk,Brazil,Paraná,(28) 0000-8092,415-7743 Nibh Street,Enfermeiro Plantonista,3,6,Nao
Risa Livingston,vestibulum.ut@quis.com,Brazil,Rio Grande do Sul,(33) 0000-6725,577-3124 Gravida. St.,Tecnico Em Radiologia,6,5,Sim
Uma Coleman,nunc.mauris@auctornuncnulla.edu,Brazil,Goiás,(75) 0000-5933,424-1220 Auctor Road,Medico,5,9,Nao
Lionel Hendricks,ac@aliquamerosturpis.co.uk,Brazil,Rio de Janeiro,(21) 0000-4748,"Finn David,lectus.pede@nasceturridiculus.co.uk,Brazil,Paraná,(72) 0000-5869,P.O. Box 704, 904 Mattis. Rd.,Coordenador de Enfermagem,5,1,Nao",Coordenador de Enfermagem,1,7,Sim
Pearl O'brien,venenatis.lacus@uterat.com,Brazil,Santa Catarina,(86) 0000-8783,"Finn David,lectus.pede@nasceturridiculus.co.uk,Brazil,Paraná,(72) 0000-5869,P.O. Box 704, 904 Mattis. Rd.,Coordenador de Enfermagem,5,1,Nao",Enfermeiro Chefe,10,10,Nao
Caesar Carson,erat.volutpat.nulla@metusvivamuseuismod.org,Brazil,Bahia,(77) 0000-1765,Ap #619-9129 Aenean Road,Gerente de Enfermagem,3,6,Sim
Oliver Berger,hendrerit.donec.porttitor@utquam.net,Brazil,Paraná,(65) 0000-5672,268-8309 Cursus Street,Enfermeiro UTI,10,4,Sim
Ivan Christensen,nunc.quis@etrutrum.edu,Brazil,Bahia,(04) 0000-7959,1979 Purus. St.,Gerente de Enfermagem,8,10,Nao
Marsden Barry,sagittis.placerat.cras@laoreet.net,Brazil,Pará,(55) 0000-1487,245-2389 Eleifend Avenue,Enfermeiro Plantonista,6,10,Nao
Steel Marsh,dui.nec@velsapienimperdiet.org,Brazil,Bahia,(26) 0000-3874,"Finn David,lectus.pede@nasceturridiculus.co.uk,Brazil,Paraná,(72) 0000-5869,P.O. Box 704, 904 Mattis. Rd.,Coordenador de Enfermagem,5,1,Nao",Cirurgiao,7,10,Sim
Florence Ferrell,nam.porttitor.scelerisque@convallisligula.net,Brazil,Bahia,(45) 0000-8026,Ap #621-133 Vulputate St.,Medico,1,6,Nao
Sonia Dodson,tempor.augue@massamaurisvestibulum.org,Brazil,Rio de Janeiro,(26) 0000-3687,"Finn David,lectus.pede@nasceturridiculus.co.uk,Brazil,Paraná,(72) 0000-5869,P.O. Box 704, 904 Mattis. Rd.,Coordenador de Enfermagem,5,1,Nao",Auxiliar de Enfermagem,3,1,Sim
Christine Waters,massa@ultrices.org,Brazil,Minas Gerais,(10) 0000-8614,Ap #292-4758 Justo Road,Enfermeiro UTI,5,7,Nao
Hiram Beasley,sapien.nunc@nibhdonecest.net,Brazil,Ceará,(63) 0000-3467,Ap #145-9402 Dolor St.,Nefrologista,6,10,Nao
Gary Richards,risus.nunc@dolorelitpellentesque.ca,Brazil,Paraná,(00) 0000-1855,"Finn David,lectus.pede@nasceturridiculus.co.uk,Brazil,Paraná,(72) 0000-5869,P.O. Box 704, 904 Mattis. Rd.,Coordenador de Enfermagem,5,1,Nao",Farmaceutico,10,6,Nao
Harlan Kelley,risus.odio@massa.co.uk,Brazil,Maranhão,(49) 0000-5432,Ap #530-4966 Eget Road,Enfermeiro Chefe,5,2,Nao
Tara Stein,consequat@vulputate.co.uk,Brazil,Ceará,(15) 0000-7673,"Finn David,lectus.pede@nasceturridiculus.co.uk,Brazil,Paraná,(72) 0000-5869,P.O. Box 704, 904 Mattis. Rd.,Coordenador de Enfermagem,5,1,Nao",Gerente de Enfermagem,4,8,Sim
Whitney Nolan,id.sapien.cras@at.net,Brazil,Rio de Janeiro,(31) 0000-4383,Ap #502-207 Tellus. St.,Gerente de Enfermagem,1,7,Sim
Alisa Nixon,nulla.in@vulputaterisus.co.uk,Brazil,Paraíba,(14) 0000-1927,368-4361 Imperdiet St.,Auxiliar de Enfermagem,9,1,Nao
Cara Mcmahon,rhoncus.proin@dui.co.uk,Brazil,São Paulo,(26) 0000-8178,551-2493 Egestas Rd.,Medico,4,8,Nao
Trevor Lane,nunc.ut@adipiscingnon.co.uk,Brazil,Minas Gerais,(67) 0000-7908,5784 Sapien. Ave,Enfermeiro Plantonista,2,5,Sim
Lavinia Frost,mauris.erat@nequesed.edu,Brazil,Paraíba,(31) 0000-7752,4053 Interdum St.,Enfermeiro Chefe,7,5,Nao
Duncan Fuentes,dictum.magna@donecsollicitudinadipiscing.edu,Brazil,Ceará,(25) 0000-1377,Ap #674-5432 Non St.,Gerente de Enfermagem,5,8,Sim
Zachery Hensley,mauris.morbi.non@fringilla.edu,Brazil,Pernambuco,(80) 0000-0142,2023 Nibh Ave,Farmaceutico,8,2,Nao
Channing Holman,eleifend.vitae@scelerisquelorem.edu,Brazil,Rio Grande do Sul,(93) 0000-9146,252-2275 Ullamcorper Avenue,Farmaceutico,9,2,Sim
Jacob Alston,sem.mollis@nullaanteiaculis.net,Brazil,Ceará,(39) 0000-2944,"Finn David,lectus.pede@nasceturridiculus.co.uk,Brazil,Paraná,(72) 0000-5869,P.O. Box 704, 904 Mattis. Rd.,Coordenador de Enfermagem,5,1,Nao",Nefrologista,2,10,Sim
Jolene Nixon,aliquet.lobortis.nisi@libero.com,Brazil,Pernambuco,(85) 0000-9645,Ap #328-5144 Posuere Ave,Coordenador de Enfermagem,2,4,Nao
Sage O'donnell,in.consequat@lectus.ca,Brazil,Pará,(94) 0000-3958,"Finn David,lectus.pede@nasceturridiculus.co.uk,Brazil,Paraná,(72) 0000-5869,P.O. Box 704, 904 Mattis. Rd.,Coordenador de Enfermagem,5,1,Nao",Tecnico Em Radiologia,9,8,Sim
Merritt Johnson,eros.proin.ultrices@adipiscinglobortis.com,Brazil,Paraná,(30) 0000-8576,569-6644 Ut Avenue,Nefrologista,6,8,Sim
Fay Reilly,ac@consectetuermauris.edu,Brazil,Rio Grande do Sul,(43) 0000-7267,667-2233 Elit. St.,Nefrologista,1,4,Nao
Cecilia Mclean,non.magna@eleifendcrassed.net,Brazil,Paraná,(43) 0000-1101,Ap #829-442 Nisi. Av.,Medico,2,1,Nao
Kasper Juarez,mollis@pulvinararcu.org,Brazil,Pernambuco,(69) 0000-4212,9842 Lobortis Street,Enfermeiro UTI,9,1,Nao
Noel Morin,ut.mi@disparturientmontes.co.uk,Brazil,Paraíba,(78) 0000-9756,Ap #720-7846 Imperdiet Rd.,Fisioterapeuta Geral,9,7,Nao
Jessica Berry,sapien.imperdiet@accumsanneque.net,Brazil,Goiás,(31) 0000-6987,Ap #507-9641 Et Avenue,Cirurgiao,7,5,Sim
Charles Nicholson,eu.odio@euismodetcommodo.com,Brazil,São Paulo,(83) 0000-4181,"Finn David,lectus.pede@nasceturridiculus.co.uk,Brazil,Paraná,(72) 0000-5869,P.O. Box 704, 904 Mattis. Rd.,Coordenador de Enfermagem,5,1,Nao",Nefrologista,3,10,Sim
Francis Delacruz,nunc.commodo@etiamligulatortor.edu,Brazil,Goiás,(46) 0000-5351,Ap #703-6356 At Road,Gerente de Enfermagem,4,10,Sim
Jane Goff,nam.interdum.enim@vitaesemper.net,Brazil,Bahia,(71) 0000-4415,3145 Risus Rd.,Farmaceutico,9,10,Nao
Mollie Fischer,volutpat.ornare@pretium.edu,Brazil,Ceará,(57) 0000-3851,Ap #420-4828 Integer Rd.,Cirurgiao,5,5,Sim
Jenette Langley,risus.donec.egestas@donecestnunc.org,Brazil,Pernambuco,(38) 0000-5341,167-3189 A Street,Farmaceutico,10,2,Sim
Diana Crawford,lorem@enimsed.com,Brazil,Ceará,(13) 0000-4811,Ap #437-3537 Est. Street,Enfermeiro Plantonista,10,4,Nao
Upton Skinner,maecenas@facilisisnonbibendum.edu,Brazil,Goiás,(31) 0000-6196,"Camden Elliott,vel.faucibus@interdumlibero.ca,Brazil,Minas Gerais,(26) 0000-8431,600-6437 Etiam Ave,Nefrologista,3,6,Sim",Gerente de Enfermagem,5,7,Nao
Nehru Mcbride,sit.amet.luctus@ipsumprimis.co.uk,Brazil,São Paulo,(44) 0000-5843,"Camden Elliott,vel.faucibus@interdumlibero.ca,Brazil,Minas Gerais,(26) 0000-8431,600-6437 Etiam Ave,Nefrologista,3,6,Sim",Gerente de Enfermagem,7,1,Nao
Phoebe Ford,lectus.ante.dictum@auctorveliteget.net,Brazil,Paraná,(82) 0000-3784,Ap #160-7763 Nunc Av.,Fisioterapeuta Geral,2,4,Nao
Nevada Ray,arcu.iaculis.enim@condimentumeget.com,Brazil,Pará,(33) 0000-2927,8048 At St.,Cirurgiao,4,8,Sim
Keely Finley,duis@quisaccumsanconvallis.net,Brazil,Goiás,(96) 0000-4862,Ap #642-4734 Felis. Av.,Cirurgiao,8,3,Sim
Camden Elliott,vel.faucibus@interdumlibero.ca,Brazil,Minas Gerais,(26) 0000-8431,600-6437 Etiam Ave,Nefrologista,3,6,Sim
Pamela Noble,fusce.aliquam@eu.co.uk,Brazil,Paraná,(76) 0000-9423,"Camden Elliott,vel.faucibus@interdumlibero.ca,Brazil,Minas Gerais,(26) 0000-8431,600-6437 Etiam Ave,Nefrologista,3,6,Sim",Tecnico Enfermagem,2,2,Sim
August Hines,diam.pellentesque@acfacilisis.org,Brazil,Santa Catarina,(94) 0000-4358,308-3389 Non Av.,Enfermeiro Plantonista,6,4,Nao
Summer White,cras.dolor@esttempor.edu,Brazil,Bahia,(71) 0000-8186,3082 Ipsum. Street,Coordenador de Enfermagem,6,7,Sim
Michelle Sullivan,adipiscing.elit@egetipsum.ca,Brazil,Pará,(01) 0000-4841,"Camden Elliott,vel.faucibus@interdumlibero.ca,Brazil,Minas Gerais,(26) 0000-8431,600-6437 Etiam Ave,Nefrologista,3,6,Sim",Cirurgiao,7,3,Nao
Hayfa Rosario,mauris@euismod.net,Brazil,Rio de Janeiro,(22) 0000-3842,577-5132 Purus. Rd.,Cirurgiao,2,1,Nao
Dorothy Bradley,metus@tellussuspendisse.co.uk,Brazil,Goiás,(46) 0000-2420,905-5090 Orci. Road,Enfermeiro Plantonista,5,3,Sim
Ryder Buckner,rutrum@duismi.edu,Brazil,Paraíba,(50) 0000-8174,8726 Malesuada Ave,Coordenador de Enfermagem,4,8,Nao
Kathleen Pierce,tellus.nunc.lectus@antenunc.net,Brazil,Pará,(13) 0000-3535,237-4351 Gravida. Road,Enfermeiro Plantonista,1,6,Sim
Dante Wilkinson,facilisis.magna@inconsectetuer.ca,Brazil,Rio Grande do Sul,(27) 0000-8338,Ap #312-7580 Sed Street,Enfermeiro Plantonista,3,3,Nao
Charlotte Huffman,gravida.aliquam@mollis.net,Brazil,Pernambuco,(17) 0000-6269,622-5792 Auctor Road,Enfermeiro UTI,3,9,Nao
Alisa Russo,cras.vehicula@donecnibhenim.net,Brazil,Ceará,(38) 0000-1016,"Camden Elliott,vel.faucibus@interdumlibero.ca,Brazil,Minas Gerais,(26) 0000-8431,600-6437 Etiam Ave,Nefrologista,3,6,Sim",Farmaceutico,5,7,Nao
Stone Lane,risus@ante.net,Brazil,Paraná,(97) 0000-8880,Ap #550-5978 Integer Street,Farmaceutico,6,10,Nao
Lenore Fulton,blandit@velit.ca,Brazil,Bahia,(55) 0000-2655,"Camden Elliott,vel.faucibus@interdumlibero.ca,Brazil,Minas Gerais,(26) 0000-8431,600-6437 Etiam Ave,Nefrologista,3,6,Sim",Gerente de Enfermagem,4,8,Sim
Hunter Skinner,tellus.faucibus@pellentesquetincidunt.com,Brazil,Minas Gerais,(21) 0000-5189,386-691 Integer Avenue,Enfermeiro UTI,8,7,Nao
Dale Coleman,nisi.magna@magna.org,Brazil,Bahia,(64) 0000-8361,777-1811 Ultrices Avenue,Enfermeiro Obstreta,9,7,Sim
Sebastian Russo,egestas.aliquam@quispedesuspendisse.edu,Brazil,Minas Gerais,(56) 0000-9203,"Camden Elliott,vel.faucibus@interdumlibero.ca,Brazil,Minas Gerais,(26) 0000-8431,600-6437 Etiam Ave,Nefrologista,3,6,Sim",Fisioterapeuta Geral,1,9,Nao
Madeline Hester,et@gravida.com,Brazil,Rio Grande do Sul,(46) 0000-5854,Ap #260-2872 Ultricies Rd.,Farmaceutico,10,2,Nao
Brenden Keith,accumsan.interdum@temporloremeget.net,Brazil,Minas Gerais,(25) 0000-5613,851-2891 Elementum Avenue,Enfermeiro UTI,1,10,Sim
Desiree Hood,nisi@ridiculusmus.com,Brazil,Santa Catarina,(87) 0000-6158,"Camden Elliott,vel.faucibus@interdumlibero.ca,Brazil,Minas Gerais,(26) 0000-8431,600-6437 Etiam Ave,Nefrologista,3,6,Sim",Medico,5,3,Sim
Ralph Johnston,ultrices.sit@metusvitae.org,Brazil,Paraná,(74) 0000-6757,"Camden Elliott,vel.faucibus@interdumlibero.ca,Brazil,Minas Gerais,(26) 0000-8431,600-6437 Etiam Ave,Nefrologista,3,6,Sim",Medico,9,3,Sim
Georgia Crawford,non.justo@cursus.net,Brazil,Paraíba,(54) 0000-4545,485-5916 Ut Rd.,Tecnico Enfermagem,7,3,Sim
Keegan Huber,nullam.lobortis@turpisaliquam.net,Brazil,Rio de Janeiro,(90) 0000-1717,"Camden Elliott,vel.faucibus@interdumlibero.ca,Brazil,Minas Gerais,(26) 0000-8431,600-6437 Etiam Ave,Nefrologista,3,6,Sim",Enfermeiro Plantonista,6,6,Sim
Melvin Wilkinson,nisl@ategestas.ca,Brazil,Bahia,(65) 0000-9082,648-3784 Amet Rd.,Enfermeiro Chefe,10,9,Nao
Jason Camacho,parturient.montes@leo.co.uk,Brazil,Rio de Janeiro,(15) 0000-3722,146-8850 Proin Rd.,Enfermeiro Chefe,10,3,Nao
Quentin Maxwell,neque@iaculis.org,Brazil,Paraíba,(16) 0000-2851,"Camden Elliott,vel.faucibus@interdumlibero.ca,Brazil,Minas Gerais,(26) 0000-8431,600-6437 Etiam Ave,Nefrologista,3,6,Sim",Fisioterapeuta Geral,2,2,Sim
Jaime Fox,mi.enim.condimentum@vellectus.net,Brazil,Bahia,(83) 0000-0131,593-9532 Odio. Street,Nefrologista,4,6,Sim
Reece Wilcox,ullamcorper.nisl@sapiencrasdolor.net,Brazil,São Paulo,(84) 0000-8416,"Camden Elliott,vel.faucibus@interdumlibero.ca,Brazil,Minas Gerais,(26) 0000-8431,600-6437 Etiam Ave,Nefrologista,3,6,Sim",Farmaceutico,7,5,Nao
Chase Cox,quis.diam@id.org,Brazil,Maranhão,(51) 0000-5277,Ap #938-2893 Ut Av.,Coordenador de Enfermagem,9,7,Nao
Lucius Tyler,dui.semper@duiscursus.edu,Brazil,Goiás,(85) 0000-4781,547-6879 Proin Street,Enfermeiro Plantonista,4,8,Nao
Hyacinth Lang,ornare.fusce.mollis@non.com,Brazil,Paraná,(45) 0000-1565,434-7632 Volutpat Street,Cirurgiao,1,9,Sim
Penelope Meadows,fermentum@nisi.net,Brazil,Bahia,(47) 0000-6469,Ap #936-5116 Magna Avenue,Coordenador de Enfermagem,6,7,Sim
Nathaniel Dale,eget.lacus@egetmagnasuspendisse.edu,Brazil,Rio de Janeiro,(29) 0000-5594,4204 Ipsum Rd.,Nefrologista,5,7,Sim
Audrey Dale,dui@convallis.net,Brazil,Bahia,(11) 0000-7678,724-8512 Quis Street,Nefrologista,1,8,Nao
Igor Day,magna.malesuada@ipsumsodales.co.uk,Brazil,Paraná,(79) 0000-6564,560-8358 Sit Rd.,Fisioterapeuta Geral,6,4,Nao
Kaye Figueroa,turpis.nec.mauris@afacilisis.net,Brazil,Paraná,(93) 0000-4721,Ap #467-4368 Ligula. Street,Auxiliar de Enfermagem,4,9,Sim
Bianca Boone,dictum@diamat.ca,Brazil,Santa Catarina,(11) 0000-7277,"Camden Elliott,vel.faucibus@interdumlibero.ca,Brazil,Minas Gerais,(26) 0000-8431,600-6437 Etiam Ave,Nefrologista,3,6,Sim",Tecnico Em Radiologia,6,3,Nao
Gisela Trevino,sem@elitnulla.co.uk,Brazil,Rio Grande do Sul,(19) 0000-8964,Ap #232-8163 Quisque Road,Tecnico Enfermagem,2,6,Sim
Scott England,dolor.tempus@luctusfelispurus.com,Brazil,Pernambuco,(31) 0000-6987,114-3363 Nullam Road,Coordenador de Enfermagem,4,6,Nao
Adena Figueroa,phasellus.fermentum@tristiquealiquet.org,Brazil,Rio Grande do Sul,(52) 0000-5613,828-6351 Luctus Rd.,Coordenador de Enfermagem,10,2,Sim
Trevor Graves,elementum.purus@sodaleselit.edu,Brazil,Bahia,(11) 0000-6932,Ap #164-7968 Mi Av.,Enfermeiro Plantonista,4,10,Sim
Leila Oneal,vehicula.et.rutrum@estnunclaoreet.ca,Brazil,Maranhão,(61) 0000-4894,465-3163 Nisi. St.,Tecnico Em Radiologia,1,8,Sim
Wayne Walsh,vivamus.euismod@lectusconvallis.net,Brazil,Minas Gerais,(12) 0000-6882,500-1745 Et St.,Farmaceutico,1,5,Sim
Fritz Ward,mauris@molestietellus.edu,Brazil,Bahia,(31) 0000-6130,"Camden Elliott,vel.faucibus@interdumlibero.ca,Brazil,Minas Gerais,(26) 0000-8431,600-6437 Etiam Ave,Nefrologista,3,6,Sim",Enfermeiro Chefe,4,9,Sim
Alice Wells,adipiscing.non@posuere.co.uk,Brazil,Bahia,(02) 0000-3030,5138 Aliquam Rd.,Tecnico Em Radiologia,6,5,Nao
Larissa Roy,mauris@leocras.edu,Brazil,Paraná,(57) 0000-5155,Ap #783-7153 Convallis Street,Tecnico Em Radiologia,7,2,Nao
Thane Wilkerson,dictum.proin@pharetranam.co.uk,Brazil,Goiás,(45) 0000-2522,Ap #946-4356 Integer Road,Gerente de Enfermagem,2,8,Nao
Norman Fuller,arcu@maurissuspendisse.co.uk,Brazil,Goiás,(15) 0000-5822,129-8788 Nunc St.,Cirurgiao,6,4,Sim
Nathan Acosta,mi@sollicitudin.co.uk,Brazil,Minas Gerais,(35) 0000-3557,239-8639 Nascetur Rd.,Coordenador de Enfermagem,10,6,Sim
Hayden Curry,cras.pellentesque@diam.co.uk,Brazil,Paraná,(14) 0000-6526,1561 Tristique Street,Nefrologista,5,7,Nao
Candice Yates,massa.integer@tinciduntnuncac.ca,Brazil,Minas Gerais,(49) 0000-7131,651-3908 Lacus. Rd.,Enfermeiro Obstreta,9,10,Sim
Orson Dudley,amet.nulla@elit.com,Brazil,Pará,(19) 0000-8655,217-5753 Sit St.,Farmaceutico,1,9,Nao
Warren Hopkins,fermentum.fermentum.arcu@natoque.net,Brazil,São Paulo,(68) 0000-4609,"Candice Yates,massa.integer@tinciduntnuncac.ca,Brazil,Minas Gerais,(49) 0000-7131,651-3908 Lacus. Rd.,Enfermeiro Obstreta,9,10,Sim",Farmaceutico,2,9,Sim
Lysandra Crosby,fusce@non.com,Brazil,Pará,(97) 0000-1207,466-424 Fusce Ave,Enfermeiro Obstreta,1,3,Sim
Tad Tyson,ipsum.cursus@enim.com,Brazil,Bahia,(66) 0000-8242,930-4724 Eu Road,Coordenador de Enfermagem,1,3,Sim
Ignatius Bates,mauris.non.dui@egetnisidictum.com,Brazil,Maranhão,(26) 0000-1125,132-3963 Vestibulum. St.,Auxiliar de Enfermagem,9,1,Nao
Steven Simpson,id.sapien@atpede.co.uk,Brazil,Pernambuco,(84) 0000-5738,770-1701 Quisque Rd.,Fisioterapeuta Geral,1,5,Sim
Justine Russo,commodo.ipsum@pedecras.co.uk,Brazil,Rio Grande do Sul,(34) 0000-3722,433 Vestibulum Rd.,Enfermeiro Obstreta,3,8,Sim
Ronan Burnett,sed.leo@antedictum.co.uk,Brazil,Bahia,(85) 0000-4252,905-2697 Ipsum. St.,Enfermeiro UTI,6,6,Sim
Anne Huffman,morbi.metus@loremluctusut.edu,Brazil,Pará,(94) 0000-4334,822-9902 A St.,Cirurgiao,8,8,Nao
Orlando Navarro,eu@neceuismod.ca,Brazil,Pará,(11) 0000-1815,3217 Gravida Rd.,Tecnico Em Radiologia,3,1,Nao
Zahir Preston,nunc.sed@idblanditat.org,Brazil,Santa Catarina,(34) 0000-6858,6109 Sociis Rd.,Enfermeiro Chefe,6,7,Nao
Emi Pierce,magna@nibhdolornonummy.ca,Brazil,Goiás,(33) 0000-3136,823-9855 Faucibus Street,Tecnico Enfermagem,6,8,Sim
Rhonda Hayden,lacus.mauris@quisquelibero.net,Brazil,Ceará,(88) 0000-2443,349-1887 Scelerisque Avenue,Fisioterapeuta Geral,1,4,Sim
Denton Randall,ornare.in@sapiennunc.com,Brazil,Pernambuco,(68) 0000-6375,6001 Et St.,Fisioterapeuta Geral,8,9,Sim
Diana Gilliam,ornare.elit.elit@sedpharetrafelis.net,Brazil,Maranhão,(27) 0000-6423,Ap #807-7781 Curabitur Avenue,Enfermeiro Chefe,8,8,Nao
Cadman Vaughan,enim.sed@nibhaliquamornare.ca,Brazil,Goiás,(84) 0000-8973,738-1296 Convallis St.,Enfermeiro Obstreta,5,8,Nao
Clarke Mccormick,cum@idantenunc.net,Brazil,Santa Catarina,(54) 0000-2798,190-1960 Etiam St.,Farmaceutico,9,5,Nao
Stacy Prince,justo.eu@ettristique.com,Brazil,Rio Grande do Sul,(59) 0000-9542,Ap #614-7992 Vivamus Street,Medico,3,4,Sim
Erich Tillman,orci.lobortis@vitaesodalesat.net,Brazil,Pernambuco,(47) 0000-3054,548 Mauris Rd.,Cirurgiao,2,2,Sim
Kristen Howell,magna@ametornare.edu,Brazil,Paraíba,(57) 0000-4581,Ap #388-5250 Sagittis Avenue,Farmaceutico,1,10,Sim
Berk Brewer,nonummy.ut@duis.com,Brazil,Bahia,(34) 0000-2867,Ap #567-4932 Euismod Street,Fisioterapeuta Geral,1,7,Nao
Dana Rosario,mauris.non@cursusinhendrerit.com,Brazil,Bahia,(45) 0000-1269,"Candice Yates,massa.integer@tinciduntnuncac.ca,Brazil,Minas Gerais,(49) 0000-7131,651-3908 Lacus. Rd.,Enfermeiro Obstreta,9,10,Sim",Fisioterapeuta Geral,3,3,Sim
Basil Holloway,turpis.egestas.aliquam@eleifendcras.edu,Brazil,Rio de Janeiro,(36) 0000-2818,Ap #146-6701 Nisl St.,Enfermeiro Chefe,6,7,Nao
Rama Hicks,maecenas.ornare.egestas@nullamlobortis.co.uk,Brazil,Minas Gerais,(37) 0000-3836,107-2291 Ultrices. Avenue,Cirurgiao,4,1,Sim
Katelyn Luna,montes@malesuada.com,Brazil,Minas Gerais,(78) 0000-1718,"Candice Yates,massa.integer@tinciduntnuncac.ca,Brazil,Minas Gerais,(49) 0000-7131,651-3908 Lacus. Rd.,Enfermeiro Obstreta,9,10,Sim",Enfermeiro Obstreta,10,2,Sim
Bernard Greer,iaculis.lacus@massa.com,Brazil,São Paulo,(42) 0000-5733,"Candice Yates,massa.integer@tinciduntnuncac.ca,Brazil,Minas Gerais,(49) 0000-7131,651-3908 Lacus. Rd.,Enfermeiro Obstreta,9,10,Sim",Enfermeiro Obstreta,9,5,Sim
Zena Tillman,curabitur@cras.org,Brazil,Minas Gerais,(58) 0000-8877,"Candice Yates,massa.integer@tinciduntnuncac.ca,Brazil,Minas Gerais,(49) 0000-7131,651-3908 Lacus. Rd.,Enfermeiro Obstreta,9,10,Sim",Farmaceutico,9,8,Nao
Orla Martinez,quam.dignissim.pharetra@pedepraesent.net,Brazil,Paraná,(19) 0000-3968,862-6623 Rhoncus. St.,Auxiliar de Enfermagem,3,1,Nao
Shelby Cleveland,amet.ante@vitae.com,Brazil,Maranhão,(53) 0000-4474,"Candice Yates,massa.integer@tinciduntnuncac.ca,Brazil,Minas Gerais,(49) 0000-7131,651-3908 Lacus. Rd.,Enfermeiro Obstreta,9,10,Sim",Nefrologista,10,1,Nao
Kyla Jacobs,ac.orci@faucibusleo.net,Brazil,Minas Gerais,(95) 0000-3410,"Candice Yates,massa.integer@tinciduntnuncac.ca,Brazil,Minas Gerais,(49) 0000-7131,651-3908 Lacus. Rd.,Enfermeiro Obstreta,9,10,Sim",Fisioterapeuta Geral,9,6,Sim
Zachery Taylor,arcu.aliquam@aliquamvulputate.com,Brazil,Ceará,(24) 0000-4438,"Candice Yates,massa.integer@tinciduntnuncac.ca,Brazil,Minas Gerais,(49) 0000-7131,651-3908 Lacus. Rd.,Enfermeiro Obstreta,9,10,Sim",Nefrologista,1,4,Nao
Holmes Whitfield,non.lobortis@feugiat.com,Brazil,Paraíba,(58) 0000-8368,Ap #500-4758 Consequat Rd.,Cirurgiao,8,3,Sim
Lewis Patel,non.massa@nullaaliquetproin.ca,Brazil,Rio de Janeiro,(52) 0000-5764,Ap #196-4603 Sit Rd.,Enfermeiro Plantonista,2,6,Nao
Reed Spears,nulla.integer@dictumphasellusin.com,Brazil,Paraíba,(81) 0000-8185,Ap #336-6747 A Ave,Tecnico Enfermagem,7,1,Nao
Zeus Valencia,at.auctor@aptenttaciti.edu,Brazil,Ceará,(81) 0000-2356,Ap #161-2901 Eget Road,Enfermeiro Chefe,7,10,Nao
Acton Barton,sagittis.duis.gravida@sitamet.org,Brazil,Ceará,(75) 0000-3672,Ap #219-2053 Pellentesque St.,Cirurgiao,7,8,Nao
Jason Ingram,dui.in@idsapien.net,Brazil,Pernambuco,(67) 0000-4548,"Candice Yates,massa.integer@tinciduntnuncac.ca,Brazil,Minas Gerais,(49) 0000-7131,651-3908 Lacus. Rd.,Enfermeiro Obstreta,9,10,Sim",Cirurgiao,6,9,Sim
Raphael Dyer,mus.aenean.eget@risusdonec.co.uk,Brazil,Paraíba,(73) 0000-3272,359-7638 Ac Street,Medico,7,4,Sim
Chandler Britt,ut@ametconsectetuer.com,Brazil,Paraíba,(17) 0000-2581,Ap #348-1980 Auctor. Avenue,Tecnico Enfermagem,9,5,Sim
Janna Callahan,est.nunc@purusin.co.uk,Brazil,Pará,(81) 0000-8551,"Candice Yates,massa.integer@tinciduntnuncac.ca,Brazil,Minas Gerais,(49) 0000-7131,651-3908 Lacus. Rd.,Enfermeiro Obstreta,9,10,Sim",Coordenador de Enfermagem,7,1,Sim
Abra O'brien,dui.in@vitae.edu,Brazil,Pará,(81) 0000-9122,"Candice Yates,massa.integer@tinciduntnuncac.ca,Brazil,Minas Gerais,(49) 0000-7131,651-3908 Lacus. Rd.,Enfermeiro Obstreta,9,10,Sim",Cirurgiao,8,1,Nao
Jasper Rich,tristique.ac@sedid.ca,Brazil,Paraná,(86) 0000-2189,2045 Hendrerit. Road,Enfermeiro Obstreta,5,8,Sim
Elijah Tate,tempor.est@necmauris.edu,Brazil,Minas Gerais,(24) 0000-1484,Ap #764-9842 Aliquam Ave,Fisioterapeuta Geral,7,9,Nao
Herrod Carson,non.enim.commodo@sempereratin.org,Brazil,Ceará,(52) 0000-2774,Ap #544-9076 Semper Rd.,Enfermeiro Chefe,3,9,Nao
Amber Sutton,in@feugiattelluslorem.net,Brazil,Paraná,(06) 0000-4766,573-2412 Tortor Av.,Nefrologista,2,2,Sim
Kimberly Dodson,turpis.nec@sitamet.com,Brazil,Rio Grande do Sul,(78) 0000-2176,Ap #903-5259 Suspendisse Rd.,Enfermeiro Obstreta,3,9,Nao
Randall Alston,lacinia@arcu.com,Brazil,Santa Catarina,(65) 0000-2442,"Garth Sears,ligula@justopraesentluctus.net,Brazil,Rio de Janeiro,(82) 0000-2063,Ap #444-9724 Erat. Avenue,Medico,4,2,Sim",Medico,2,4,Nao
Wang Bailey,mauris.ut@proineget.edu,Brazil,Santa Catarina,(07) 0000-1244,5288 Ac Av.,Cirurgiao,4,2,Sim
Cruz Burgess,placerat.velit.quisque@lacus.ca,Brazil,Paraíba,(92) 0000-7113,479-2721 Urna. St.,Enfermeiro Chefe,9,6,Sim
Garth Sears,ligula@justopraesentluctus.net,Brazil,Rio de Janeiro,(82) 0000-2063,Ap #444-9724 Erat. Avenue,Medico,4,2,Sim
Walter Hopkins,vitae.erat@scelerisquelorem.org,Brazil,São Paulo,(26) 0000-4444,790-3911 Donec St.,Enfermeiro Plantonista,7,2,Nao
Josiah Vang,aliquam.iaculis.lacus@nequevenenatislacus.net,Brazil,Santa Catarina,(81) 0000-4305,Ap #573-5247 Sagittis Rd.,Enfermeiro Chefe,3,5,Sim
Baxter Murray,ipsum@vitaeposuere.edu,Brazil,Ceará,(28) 0000-7032,"Garth Sears,ligula@justopraesentluctus.net,Brazil,Rio de Janeiro,(82) 0000-2063,Ap #444-9724 Erat. Avenue,Medico,4,2,Sim",Medico,5,2,Nao
Colt Ferrell,dui.fusce.diam@diamproin.net,Brazil,Rio de Janeiro,(21) 0000-3213,694-8515 Id Rd.,Enfermeiro Plantonista,10,5,Nao
Kasimir Head,purus.nullam@duisdignissim.com,Brazil,Rio Grande do Sul,(25) 0000-7534,Ap #177-1442 Interdum Rd.,Auxiliar de Enfermagem,6,6,Nao
Victor Long,habitant.morbi@nisiaeneaneget.ca,Brazil,Pará,(98) 0000-6787,275-8690 Nulla St.,Tecnico Enfermagem,7,8,Sim
Nolan Newton,nibh.lacinia@phasellusfermentumconvallis.net,Brazil,Rio Grande do Sul,(47) 0000-2402,"Garth Sears,ligula@justopraesentluctus.net,Brazil,Rio de Janeiro,(82) 0000-2063,Ap #444-9724 Erat. Avenue,Medico,4,2,Sim",Coordenador de Enfermagem,9,9,Nao
Aaron Gallegos,amet.ornare@egetvolutpat.net,Brazil,Rio Grande do Sul,(25) 0000-6437,377-9467 Commodo St.,Enfermeiro Obstreta,10,4,Sim
Wang Hendrix,velit.cras@lectusnullam.org,Brazil,Pará,(08) 0000-1989,"Garth Sears,ligula@justopraesentluctus.net,Brazil,Rio de Janeiro,(82) 0000-2063,Ap #444-9724 Erat. Avenue,Medico,4,2,Sim",Enfermeiro Plantonista,8,6,Nao
Dawn Lewis,nonummy.ipsum@urnaconvallis.net,Brazil,Pernambuco,(99) 0000-3620,"Garth Sears,ligula@justopraesentluctus.net,Brazil,Rio de Janeiro,(82) 0000-2063,Ap #444-9724 Erat. Avenue,Medico,4,2,Sim",Tecnico Enfermagem,2,8,Nao
Hollee Navarro,nullam.scelerisque@primis.edu,Brazil,Bahia,(36) 0000-6581,539-6785 Nulla Rd.,Gerente de Enfermagem,1,4,Nao
India Pugh,urna.justo.faucibus@velitin.ca,Brazil,Rio de Janeiro,(20) 0000-3695,Ap #370-5570 Fringilla Road,Coordenador de Enfermagem,10,6,Nao
Stewart Allison,cursus.purus@elitpretium.org,Brazil,Paraná,(42) 0000-6833,985-8311 Sed Rd.,Coordenador de Enfermagem,5,6,Sim
Joelle Le,non.dapibus.rutrum@dolorvitaedolor.com,Brazil,Goiás,(28) 0000-3587,"Garth Sears,ligula@justopraesentluctus.net,Brazil,Rio de Janeiro,(82) 0000-2063,Ap #444-9724 Erat. Avenue,Medico,4,2,Sim",Enfermeiro Chefe,9,3,Nao
Illana Sexton,lorem.vitae.odio@crasvulputate.org,Brazil,Minas Gerais,(51) 0000-3435,"Garth Sears,ligula@justopraesentluctus.net,Brazil,Rio de Janeiro,(82) 0000-2063,Ap #444-9724 Erat. Avenue,Medico,4,2,Sim",Coordenador de Enfermagem,7,4,Sim
Maris Melendez,malesuada.id@nunc.co.uk,Brazil,Minas Gerais,(85) 0000-8149,Ap #524-7504 Cum Road,Enfermeiro Obstreta,7,2,Nao
Aline Moss,magna@turpis.edu,Brazil,Bahia,(15) 0000-3635,"Garth Sears,ligula@justopraesentluctus.net,Brazil,Rio de Janeiro,(82) 0000-2063,Ap #444-9724 Erat. Avenue,Medico,4,2,Sim",Enfermeiro Plantonista,8,10,Sim
Garrison Rivers,pede.malesuada@estarcuac.com,Brazil,Bahia,(35) 0000-3249,420-4098 Eget Street,Enfermeiro Plantonista,6,4,Sim
Sheila Barrett,et.ultrices@nuncest.edu,Brazil,Pernambuco,(38) 0000-9368,632-2609 Eu Rd.,Nefrologista,8,7,Sim
Evelyn Marshall,eu@a.com,Brazil,Rio de Janeiro,(83) 0000-2987,7934 Ligula Street,Enfermeiro UTI,1,3,Nao
Ramona Murray,neque@nuncmauriselit.com,Brazil,Pará,(10) 0000-6872,950-4225 Est St.,Auxiliar de Enfermagem,9,2,Nao
Kelly Cleveland,justo.proin@velitcras.edu,Brazil,Bahia,(14) 0000-2976,677-6154 Molestie Rd.,Nefrologista,5,10,Sim
Porter Alford,nunc@posuereat.com,Brazil,Rio de Janeiro,(22) 0000-0614,998-2857 Sed Road,Enfermeiro Plantonista,2,6,Sim
Ross Ball,lorem.vitae.odio@nullasemper.edu,Brazil,Santa Catarina,(91) 0000-0376,"Garth Sears,ligula@justopraesentluctus.net,Brazil,Rio de Janeiro,(82) 0000-2063,Ap #444-9724 Erat. Avenue,Medico,4,2,Sim",Farmaceutico,2,7,Sim
Pascale Shaffer,libero.at@scelerisquelorem.edu,Brazil,Rio de Janeiro,(58) 0000-2088,"Garth Sears,ligula@justopraesentluctus.net,Brazil,Rio de Janeiro,(82) 0000-2063,Ap #444-9724 Erat. Avenue,Medico,4,2,Sim",Tecnico Em Radiologia,8,9,Sim
Xavier Christian,tellus.aenean.egestas@nonquam.co.uk,Brazil,Paraná,(87) 0000-8068,Ap #840-7586 Elit St.,Cirurgiao,4,7,Sim
Shafira O'brien,augue.eu@tinciduntnuncac.co.uk,Brazil,Paraíba,(71) 0000-9821,"Garth Sears,ligula@justopraesentluctus.net,Brazil,Rio de Janeiro,(82) 0000-2063,Ap #444-9724 Erat. Avenue,Medico,4,2,Sim",Tecnico Enfermagem,2,5,Sim
Elmo Spencer,aliquet.metus.urna@sedcongueelit.ca,Brazil,Rio de Janeiro,(27) 0000-1517,"Garth Sears,ligula@justopraesentluctus.net,Brazil,Rio de Janeiro,(82) 0000-2063,Ap #444-9724 Erat. Avenue,Medico,4,2,Sim",Fisioterapeuta Geral,10,3,Sim
Lisandra Hester,turpis.nec.mauris@suspendissenon.edu,Brazil,Paraná,(41) 0000-0221,601-5575 Ligula. Ave,Auxiliar de Enfermagem,5,7,Sim
Charissa Pacheco,sociis.natoque@tellusid.net,Brazil,Minas Gerais,(41) 0000-1130,349-2507 Donec Road,Coordenador de Enfermagem,1,7,Sim
Walter Meyer,dui@vivamusnibh.org,Brazil,Minas Gerais,(28) 0000-4956,9701 Interdum Road,Cirurgiao,6,10,Nao
Alec Thornton,ipsum.dolor@ultrices.com,Brazil,Rio Grande do Sul,(87) 0000-5776,1851 Duis Rd.,Coordenador de Enfermagem,10,1,Sim
Scott Wagner,tincidunt@montesnasceturridiculus.net,Brazil,Goiás,(04) 0000-2451,8856 Odio. Av.,Enfermeiro Plantonista,4,3,Sim
Priscilla Ewing,luctus.aliquet@lectuspede.org,Brazil,Santa Catarina,(26) 0000-8435,6226 Cum Road,Nefrologista,3,1,Sim
Paul Woodward,cursus@ametornare.edu,Brazil,Pernambuco,(33) 0000-1826,7139 Aenean Av.,Coordenador de Enfermagem,3,8,Sim
Marshall Vaughn,convallis.est@duisvolutpat.org,Brazil,Paraná,(23) 0000-3386,211-236 Natoque Street,Tecnico Enfermagem,7,3,Sim
Nyssa Poole,risus.morbi@idblanditat.net,Brazil,Pernambuco,(23) 0000-5566,7568 Phasellus Ave,Enfermeiro Plantonista,1,4,Nao
Neil Wooten,donec.tempor.est@loremipsum.co.uk,Brazil,Bahia,(12) 0000-7056,"Garth Sears,ligula@justopraesentluctus.net,Brazil,Rio de Janeiro,(82) 0000-2063,Ap #444-9724 Erat. Avenue,Medico,4,2,Sim",Tecnico Enfermagem,8,5,Sim
Simon Pittman,adipiscing.ligula@erat.net,Brazil,Goiás,(03) 0000-2056,"Garth Sears,ligula@justopraesentluctus.net,Brazil,Rio de Janeiro,(82) 0000-2063,Ap #444-9724 Erat. Avenue,Medico,4,2,Sim",Enfermeiro Plantonista,10,6,Sim
Fiona Kent,a.felis@cum.net,Brazil,Bahia,(74) 0000-2771,Ap #578-4939 Turpis. Rd.,Coordenador de Enfermagem,3,9,Nao
Amery Ballard,donec@neque.co.uk,Brazil,Pernambuco,(02) 0000-0255,"Garth Sears,ligula@justopraesentluctus.net,Brazil,Rio de Janeiro,(82) 0000-2063,Ap #444-9724 Erat. Avenue,Medico,4,2,Sim",Enfermeiro Obstreta,3,10,Nao
Madonna Baird,turpis.aliquam.adipiscing@lobortisrisus.edu,Brazil,Paraná,(65) 0000-4748,143-5718 Eget Road,Medico,6,3,Nao
Ginger Zamora,lacus.aliquam.rutrum@aeneansed.net,Brazil,Pernambuco,(04) 0000-5274,Ap #393-3560 Pretium Rd.,Nefrologista,2,10,Nao
Constance Gonzalez,tempor.arcu@lobortisquam.edu,Brazil,Santa Catarina,(85) 0000-6085,"Garth Sears,ligula@justopraesentluctus.net,Brazil,Rio de Janeiro,(82) 0000-2063,Ap #444-9724 Erat. Avenue,Medico,4,2,Sim",Enfermeiro Plantonista,8,3,Sim
